CTE-0.12-0.005-2.1	SteerValue-0.12-0.005-2.1	CTE-0.12-0.003-2.1	SteerValue-0.12-0.003-2.1	CTE-0.12-0.002-2.1	SteerValue-0.12-0.002-2.1
0.7598	-1.69056	0.7598	-1.68904	0.7598	-1.68828
0.7598	-0.098774	0.7598	-0.0957348	0.7598	-0.0942152
0.7598	-0.102573	0.7598	-0.0980142	0.7598	-0.0957348
0.7598	-0.106372	0.7599	-0.100516	0.7598	-0.0972544
0.7599	-0.110393	0.7597	-0.102141	0.7598	-0.098774
0.7596	-0.113316	0.7593	-0.103951	0.7596	-0.0998492
0.7592	-0.116853	0.7589	-0.10618	0.7591	-0.100677
0.7586	-0.120155	0.7582	-0.10774	0.7585	-0.101912
0.7578	-0.123427	0.757	-0.108817	0.7577	-0.102912
0.7569	-0.126894	0.7555	-0.110274	0.7566	-0.103663
0.7555	-0.129453	0.7539	-0.112133	0.7555	-0.105042
0.7538	-0.132389	0.7524	-0.114421	0.7539	-0.105308
0.7521	-0.135945	0.7497	-0.113826	0.7519	-0.105732
0.7497	-0.137936	0.7475	-0.116854	0.7495	-0.106103
0.7474	-0.141606	0.7435	-0.114825	0.7459	-0.104642
0.744	-0.142609	0.7404	-0.118564	0.7422	-0.105473
0.7391	-0.142566	0.7347	-0.114624	0.738	-0.105395
0.734	-0.145204	0.7302	-0.118795	0.733	-0.104581
0.7281	-0.146456	0.7224	-0.113096	0.727	-0.103215
0.7195	-0.143352	0.713	-0.110747	0.7187	-0.0988262
0.7109	-0.145874	0.7041	-0.112841	0.7106	-0.0996954
0.6988	-0.140567	0.694	-0.111191	0.7016	-0.0981286
0.6871	-0.143438	0.6801	-0.103583	0.6893	-0.0911012
0.671	-0.135621	0.6641	-0.0992457	0.6777	-0.0925346
0.6524	-0.131401	0.6495	-0.102382	0.6623	-0.0840312
0.6313	-0.126775	0.6334	-0.0992004	0.648	-0.0859212
0.6117	-0.130632	0.6119	-0.0871161	0.6292	-0.0754736
0.5902	-0.127013	0.592	-0.0898641	0.6119	-0.0777714
0.5663	-0.121937	0.5709	-0.0865248	0.5935	-0.0744404
0.5344	-0.10398	0.5528	-0.0923112	0.5746	-0.0722716
0.5076	-0.114013	0.548	-0.121309	0.572	-0.107334
0.4908	-0.13545	0.5217	-0.0745683	0.5502	-0.065498
0.4644	-0.114444	0.478	-0.0342183	0.5209	-0.0472738
0.4027	-0.034924	0.4655	-0.0996348	0.5126	-0.091403
0.388	-0.1338	0.4513	-0.0957147	0.5028	-0.0880826
0.3615	-0.107647	0.434	-0.0884307	0.4867	-0.073894
0.3339	-0.103695	0.4129	-0.0791574	0.4704	-0.0724588
0.3028	-0.094127	0.3893	-0.0722433	0.4486	-0.05919
0.2688	-0.085301	0.3583	-0.0540582	0.4285	-0.061205
0.2246	-0.0597	0.3305	-0.0584337	0.4072	-0.0569434
0.1849	-0.0653105	0.3015	-0.0533382	0.3842	-0.0513818
0.144	-0.0586025	0.2709	-0.0471189	0.3595	-0.0455668
0.1011	-0.04976	0.2385	-0.0401664	0.328	-0.0281628
0.056	-0.040008	0.2045	-0.0333399	0.3003	-0.0334194
0.0092	-0.030868	0.1695	-0.0275484	0.2783	-0.043306
-0.0391	-0.0217265	0.1336	-0.0217512	0.2497	-0.0265134
-0.0881	-0.013936	0.097	-0.0161802	0.2257	-0.0337448
-0.1374	-0.006703	0.06	-0.0110802	0.1887	-0.0023822
-0.1874	0.001704	0.0227	-0.0060423	0.1571	-0.0102444
-0.2369	0.0077785	-0.0147	-0.0013002	0.1386	-0.0358116
-0.2864	0.0151505	-0.0519	0.0028995	0.1017	0.007053
-0.3349	0.020545	-0.0961	0.0231918	0.0694	0.0011302
-0.3825	0.0262795	-0.1248	-0.0055398	0.0449	-0.0123996
-0.4281	0.029692	-0.152	-0.0049698	0.0148	0.0029428
-0.4632	0.01417	-0.1865	0.0150597	-0.0153	0.0065854
-0.4971	0.0182035	-0.2279	0.0352014	-0.0446	0.0085106
-0.539	0.0427265	-0.2541	0.0071877	-0.0726	0.0092858
-0.5797	0.047989	-0.2836	0.0185085	-0.0995	0.0104028
-0.6171	0.0486325	-0.3173	0.0323244	-0.1248	0.0103284
-0.6439	0.032808	-0.3437	0.0211935	-0.1487	0.0105538
-0.6738	0.046275	-0.3667	0.0179136	-0.1668	0.0008794
-0.701	0.047374	-0.3872	0.0162852	-0.1879	0.0100872
-0.7199	0.0358115	-0.4023	0.0079641	-0.2042	0.0023716
-0.7432	0.0515635	-0.4225	0.0223656	-0.227	0.0192116
-0.7589	0.041282	-0.4377	0.0150027	-0.2412	0.003338
-0.7701	0.0370265	-0.4545	0.0217422	-0.259	0.013552
-0.7766	0.0318195	-0.4618	0.0040536	-0.2722	0.0060204
-0.7794	0.0282825	-0.4679	0.0036693	-0.285	0.0072864
-0.7785	0.024297	-0.4655	-0.0130722	-0.29	-0.0079136
-0.7743	0.0207345	-0.4539	-0.0324225	-0.2807	-0.0384982
-0.7573	-0.004399	-0.4207	-0.0805044	-0.2635	-0.0566252
-0.7255	-0.0356675	-0.3889	-0.0802137	-0.2357	-0.0817498
-0.6798	-0.0669425	-0.3634	-0.0689535	-0.2064	-0.088003
-0.6218	-0.0966235	-0.3412	-0.0636639	-0.1861	-0.0711668
-0.5706	-0.0856345	-0.3281	-0.0451416	-0.1766	-0.0492736
-0.5357	-0.052914	-0.3177	-0.0397665	-0.1721	-0.0389694
-0.5078	-0.039023	-0.3109	-0.0320898	-0.1704	-0.0329526
-0.4787	-0.0426415	-0.308	-0.0233238	-0.1707	-0.0283752
-0.4519	-0.038768	-0.3054	-0.0220896	-0.173	-0.0235532
-0.428	-0.033406	-0.3039	-0.0190479	-0.176	-0.0213712
-0.4102	-0.020681	-0.3029	-0.0172092	-0.1806	-0.017098
-0.3939	-0.0175175	-0.3019	-0.0164235	-0.1848	-0.0170644
-0.3776	-0.0175855	-0.301	-0.0154185	-0.1901	-0.0137382
-0.3579	-0.0253	-0.2999	-0.0150708	-0.1945	-0.0147112
-0.3379	-0.0266405	-0.2984	-0.0151956	-0.1977	-0.0164518
-0.322	-0.0183285	-0.2968	-0.0147072	-0.2022	-0.0127774
-0.3041	-0.023156	-0.295	-0.0144582	-0.2065	-0.0122684
-0.275	-0.048793	-0.2928	-0.0146838	-0.2096	-0.0139972
-0.2587	-0.0225755	-0.2897	-0.0160767	-0.2126	-0.013422
-0.2466	-0.0139745	-0.286	-0.0169227	-0.2145	-0.015075
-0.2393	-0.003574	-0.2827	-0.0156306	-0.2163	-0.0146364
-0.2278	-0.012635	-0.2785	-0.0171891	-0.2173	-0.0157618
-0.2165	-0.0124885	-0.2736	-0.0184263	-0.2181	-0.0156496
-0.1964	-0.0323985	-0.2394	-0.0833421	-0.2124	-0.0295588
-0.1577	-0.075314	-0.2019	-0.0941664	-0.1848	-0.0784912
-0.1016	-0.118078	-0.158	-0.1124	-0.1325	-0.136372
-0.0395	-0.137932	-0.1241	-0.0950961	-0.0938	-0.112269
0.0058	-0.108117	-0.1056	-0.0646593	-0.0657	-0.0932492
0.0261	-0.058184	-0.0912	-0.0575037	-0.0577	-0.0518838
0.0332	-0.031482	-0.0878	-0.0345483	-0.0626	-0.0240806
0.0307	-0.0111755	-0.0921	-0.017586	-0.0781	0.0001956
0.0249	-0.003674	-0.1005	-0.0076665	-0.0938	0.0026872
0.0171	0.0013765	-0.1123	0.0012264	-0.1091	0.0039014
0.0117	-0.003074	-0.1218	-0.0020982	-0.1245	0.0062084
0.0082	-0.006685	-0.1307	-0.0018981	-0.1347	-0.0032182
0.0067	-0.0107385	-0.1358	-0.0088587	-0.1428	-0.0063706
0.0072	-0.0150345	-0.1392	-0.0116031	-0.1469	-0.0139848
0.0094	-0.0189155	-0.1402	-0.0161025	-0.1493	-0.0169682
0.012	-0.0201275	-0.1399	-0.0184488	-0.1499	-0.0203764
0.0148	-0.0209575	-0.1388	-0.0198444	-0.15	-0.0211144
0.018	-0.0222715	-0.1379	-0.0191187	-0.1503	-0.0203578
0.0205	-0.021204	-0.129	-0.0365997	-0.1411	-0.0411296
0.0476	-0.076354	-0.0724	-0.143344	-0.1046	-0.10263
0.1176	-0.175432	-0.0312	-0.115855	-0.0553	-0.135316
0.1682	-0.141605	0.0125	-0.126386	-0.0091	-0.134332
0.1838	-0.070896	0.0302	-0.074001	0.0112	-0.0824
0.1815	-0.0339375	0.026	-0.027585	0.0107	-0.0386814
0.1649	-0.00274	0.0025	0.0157575	-0.0098	0.0057982
0.136	0.025878	-0.0222	0.0213081	-0.0405	0.0309832
0.1046	0.034373	-0.0452	0.0206337	-0.0713	0.0350318
0.0827	0.0166375	-0.0636	0.0133725	-0.0914	0.0151566
0.0654	0.0087265	-0.0788	0.0087129	-0.1023	-0.0026508
0.0574	-0.0101305	-0.0865	-0.0058536	-0.1104	-0.007338
0.0563	-0.02477	-0.0876	-0.0193188	-0.1153	-0.0132394
0.0592	-0.033814	-0.0829	-0.0318141	-0.1154	-0.0230766
0.063	-0.036475	-0.0795	-0.0292536	-0.1132	-0.0279442
0.0646	-0.03237	-0.0753	-0.0312117	-0.1106	-0.028875
0.0631	-0.0259955	-0.0729	-0.027501	-0.1087	-0.0274156
0.0675	-0.039251	-0.0428	-0.0891546	-0.0898	-0.065204
0.1022	-0.107556	0.0054	-0.132965	-0.0432	-0.12888
0.1461	-0.132874	0.0521	-0.135575	0.0108	-0.150921
0.1839	-0.12552	0.0726	-0.0832329	0.0383	-0.0986478
0.1951	-0.0719795	0.0622	-0.0172815	0.0425	-0.0503068
0.1819	-0.020065	0.0281	0.0364962	0.022	0.0039792
0.1542	0.012938	-0.0153	0.0612801	-0.0125	0.0375442
0.1118	0.048337	-0.0534	0.0548823	-0.0424	0.031557
0.0768	0.036613	-0.0737	0.0201594	-0.0668	0.0230686
0.0484	0.025919	-0.0822	-0.003354	-0.0863	0.0152912
0.0263	0.0152095	-0.0798	-0.0262926	-0.0953	-0.0054882
0.0162	-0.0088595	-0.0719	-0.0385749	-0.0951	-0.024642
0.0167	-0.031263	-0.0599	-0.0484452	-0.0884	-0.0389192
0.0221	-0.0423115	-0.0503	-0.0444063	-0.0792	-0.0451148
0.0296	-0.0477695	-0.0468	-0.0318759	-0.0734	-0.038524
0.0332	-0.0401775	-0.0578	6.75E-05	-0.0759	-0.0206422
0.0238	-0.0118685	0.0411	-0.242714	-0.0783	-0.0204076
0.0506	-0.0913575	0.0551	-0.0662691	-0.0152	-0.165499
0.1173	-0.183738	0.1069	-0.152186	0.0866	-0.259158
0.1915	-0.209349	0.1431	-0.124199	0.1666	-0.223312
0.2474	-0.178864	0.1476	-0.0586119	0.1754	-0.0751984
0.2542	-0.0778415	0.1195	0.0128616	0.1401	0.0213674
0.2144	0.0237225	0.0676	0.0688668	0.0601	0.124717
0.1376	0.109951	0.0198	0.0659334	-0.0314	0.15991
0.0674	0.104178	-0.0272	0.069975	-0.1007	0.121807
-0.0007	0.107943	-0.0515	0.0253755	-0.129	0.0393614
-0.0394	0.051044	-0.0594	-0.0079383	-0.1136	-0.0540294
-0.0457	-0.0160115	-0.0474	-0.0510261	-0.0581	-0.144783
-0.0263	-0.072178	-0.0283	-0.0681432	-0.0226	-0.106998
0.0087	-0.109181	-0.0081	-0.0728529	0.0102	-0.105284
0.0458	-0.118272	0.0397	-0.136668	0.0537	-0.133082
0.0881	-0.134709	0.0933	-0.15556	0.0961	-0.136052
0.1338	-0.148002	0.1171	-0.0961872	0.1058	-0.0687576
0.1468	-0.081626	0.1107	-0.0323313	0.0856	-0.0037148
0.1281	-0.0134525	0.0718	0.0403713	0.0372	0.0612388
0.0882	0.0354145	0.0154	0.0838431	-0.0111	0.066847
0.0375	0.063991	-0.0387	0.0856212	-0.0597	0.0734284
-0.0203	0.0859385	-0.0691	0.0397065	-0.0894	0.0374812
-0.0573	0.046985	-0.0809	0.0023052	-0.0945	-0.0133778
-0.0771	0.0136265	-0.0733	-0.0391269	-0.0818	-0.0521182
-0.0815	-0.017778	-0.0518	-0.0707415	-0.0502	-0.0954998
-0.0749	-0.0412955	-0.0707	0.0165786	-0.0575	-0.0128188
-0.0589	-0.062661	0.0878	-0.375245	0.0925	-0.361334
-0.0786	0.015066	0.2315	-0.362103	0.2188	-0.327157
0.1025	-0.428858	0.3135	-0.243314	0.272	-0.180575
0.24	-0.354998	0.3191	-0.0845031	0.2369	0.0085928
0.3174	-0.239664	0.2589	0.0601242	0.1533	0.120168
0.3015	-0.043333	0.1395	0.198354	0.0526	0.168057
0.203	0.140932	0.0336	0.182611	-0.0571	0.200235
0.0823	0.201625	-0.0622	0.173084	-0.1186	0.106632
-0.0547	0.252568	-0.1045	0.066123	-0.1411	0.0277146
-0.1451	0.166282	-0.096	-0.041289	-0.1215	-0.0628044
-0.1677	0.027452	-0.0452	-0.136079	-0.0816	-0.110059
-0.1343	-0.0934845	0.0086	-0.148861	-0.0293	-0.142317
-0.0902	-0.120795	0.0574	-0.144389	0.009	-0.117531
-0.0218	-0.179924	0.0749	-0.0809841	0.0194	-0.0602274
0.0226	-0.134965	0.0675	-0.0280086	0.0034	-0.0028742
0.0425	-0.086116	0.0314	0.0364992	-0.0353	0.0495104
0.0305	-0.0178385	-0.0198	0.0744126	-0.0743	0.054969
-0.0101	0.047144	0.069	-0.23045	-0.0459	-0.0898872
-0.055	0.061837	0.0958	-0.103754	0.1	-0.354345
0.0638	-0.296508	0.1934	-0.264726	0.2156	-0.305018
0.0696	-0.060252	0.2447	-0.174386	0.2778	-0.200898
0.1767	-0.286717	0.2518	-0.0831735	0.2579	-0.0266158
0.2232	-0.166154	0.2093	0.0254586	0.2003	0.0590656
0.2228	-0.0687295	0.1179	0.138763	0.1037	0.15235
0.1757	0.034114	0.0287	0.144761	-0.0173	0.218145
0.0823	0.142141	-0.0548	0.142975	-0.1127	0.176058
-0.0194	0.171872	-0.0928	0.0522636	-0.1479	0.054158
-0.0845	0.103246	-0.0543	-0.112843	-0.0929	-0.141676
-0.116	0.037046	0.0673	-0.302147	0.0291	-0.297074
-0.0508	-0.173594	0.1484	-0.227275	0.1739	-0.362678
0.0545	-0.270712	0.2223	-0.221689	0.2499	-0.227818
0.1462	-0.253887	0.2319	-0.0885072	0.2546	-0.0791612
0.2037	-0.189986	0.1816	0.042774	0.1961	0.0601866
0.197	-0.055347	0.1023	0.112883	0.1052	0.138924
0.1301	0.0784505	-0.0052	0.185019	0.0064	0.167357
0.0439	0.129105	-0.0808	0.127343	-0.0995	0.195174
-0.0456	0.147003	-0.1168	0.0488535	-0.1607	0.10897
-0.1297	0.146404	0.0665	-0.433872	0.04	-0.465184
-0.1523	0.020727	0.2564	-0.471289	0.2402	-0.488639
0.0582	-0.494334	0.4179	-0.432283	0.4259	-0.481324
0.2474	-0.473545	0.4966	-0.269337	0.485	-0.223526
0.4027	-0.423004	0.473	-0.0530937	0.451	-0.0248384
0.4713	-0.251523	0.3734	0.117338	0.3548	0.116616
0.4355	-0.0301645	0.2327	0.219834	0.2335	0.183415
0.3241	0.140343	0.062	0.303132	0.0928	0.240853
0.1759	0.234528	-0.0504	0.194341	0.0049	0.140512
0.0038	0.305351	-0.1102	0.0913878	-0.0399	0.0554574
-0.1015	0.178214	-0.1166	-0.0196344	-0.0461	-0.0247664
-0.1525	0.0710665	-0.0843	-0.104527	-0.0309	-0.0714686
-0.1395	-0.064196	-0.021	-0.17716	0.005	-0.119257
-0.0947	-0.135878	0.0294	-0.156207	0.0338	-0.10787
-0.0422	-0.158137	0.0607	-0.120035	0.0501	-0.0836764
-0.0008	-0.139791	0.0653	-0.0647127	0.0482	-0.0453248
0.0193	-0.09757	0.045	-0.0101217	0.0298	-0.0085264
0.0157	-0.0474465	0.0835	-0.138472	0.0872	-0.174769
-0.0099	0.001875	0.1265	-0.153462	0.0695	-0.0150738
0.0494	-0.183778	0.2088	-0.246494	0.1604	-0.254363
0.0791	-0.125577	0.2681	-0.206114	0.2356	-0.230888
0.159	-0.24138	0.268	-0.0821664	0.2794	-0.170763
0.2156	-0.200321	0.2036	0.0599808	0.2751	-0.0697868
0.2105	-0.071191	0.1102	0.131758	0.2151	0.053953
0.1561	0.0380865	-0.0199	0.2245	0.1362	0.102839
0.0741	0.105516	0.0807	-0.272284	0.0731	0.0770844
-0.0123	0.125186	0.2686	-0.478968	0.1594	-0.24733
0.0719	-0.243538	0.4068	-0.392402	0.3282	-0.441493
0.1893	-0.328292	0.4677	-0.238784	0.4412	-0.338755
0.3191	-0.371504	0.4294	-0.0271557	0.4854	-0.20055
0.4011	-0.282969	0.3513	0.0647424	0.4527	-0.0360414
0.3893	-0.08652	0.2254	0.179554	0.3376	0.150135
0.3077	0.0683135	0.0939	0.206813	0.2102	0.190833
0.1539	0.23762	-0.037	0.221371	0.0879	0.194623
0.0445	0.157286	-0.0999	0.0864192	-0.005	0.144041
-0.0847	0.214793	0.0454	-0.368373	-0.0612	0.0738376
-0.1427	0.0729465	0.34	-0.718275	0.1347	-0.47935
-0.037	-0.283322	0.5159	-0.491661	0.3895	-0.634395
0.2019	-0.59272	0.6722	-0.471273	0.6194	-0.610932
0.4136	-0.563072	0.6915	-0.187964	0.7561	-0.433128
0.5396	-0.40092	0.6183	0.0132153	0.7759	-0.191566
0.5452	-0.151478	0.4889	0.145297	0.6939	0.0306666
0.4474	0.075161	0.3702	0.13596	0.5471	0.183268
0.296	0.204409	0.3703	-0.114643	0.4023	0.19564
0.1639	0.178912	0.4216	-0.229584	0.3772	-0.0534726
0.1556	-0.0808505	0.4565	-0.200701	0.404	-0.166487
0.1984	-0.194288	0.4561	-0.127891	0.4399	-0.190784
0.2391	-0.195958	0.4055	-0.017616	0.4568	-0.153826
0.2506	-0.137271	0.3285	0.0460785	0.437	-0.075254
0.2309	-0.0705415	0.2361	0.0887982	0.4002	-0.0359384
0.1791	0.002189	0.1441	0.0985659	0.3359	0.0288558
0.1059	0.0553835	0.0636	0.0838851	0.2593	0.0633592
0.024	0.0833615	0.0015	0.0526926	0.181	0.0759632
-0.0543	0.085469	-0.0406	0.0158664	0.1109	0.0669334
-0.1305	0.0908555	-0.0593	-0.0308517	0.0549	0.0439336
-0.1739	0.028053	0.2206	-0.692162	0.0171	0.0102154
-0.1488	-0.118065	0.5356	-0.805278	0.157	-0.380057
0.1406	-0.708526	0.8033	-0.740482	0.5183	-0.889389
0.454	-0.798804	0.9566	-0.521508	0.718	-0.575429
0.7076	-0.707194	0.9724	-0.237571	0.8771	-0.511015
0.8385	-0.469424	0.8774	0.0038766	0.9136	-0.259763
0.8283	-0.176032	0.7105	0.172763	0.833	-0.0058466
0.7039	0.0751965	0.5166	0.251181	0.6853	0.151417
0.5137	0.233632	0.3346	0.247027	0.5093	0.230948
0.3059	0.293999	0.2673	0.0134316	0.3468	0.221405
0.1316	0.243907	0.2887	-0.176273	0.2748	0.039445
0.1022	-0.0573665	0.3213	-0.204668	0.3138	-0.198963
0.1406	-0.205057	0.3411	-0.181188	0.3721	-0.247233
0.2024	-0.262625	0.331	-0.118179	0.4169	-0.225093
0.2231	-0.179915	0.2902	-0.0496833	0.424	-0.147623
0.2139	-0.11709	0.2244	0.0100395	0.3934	-0.0655674
0.1686	-0.0366875	0.2153	-0.108584	0.3326	0.0044834
0.1032	0.0128545	0.4109	-0.563159	0.3013	-0.0543132
0.1893	-0.316574	0.5094	-0.372597	0.4478	-0.446169
0.3344	-0.459558	0.6133	-0.398245	0.6189	-0.519599
0.4802	-0.480925	0.6359	-0.232135	0.7374	-0.424833
0.553	-0.339126	0.5868	-0.0774333	0.7645	-0.237674
0.5291	-0.135833	0.48	0.0551127	0.7057	-0.0516398
0.4043	0.089011	0.3134	0.199744	0.5861	0.08922
0.2533	0.160885	0.1728	0.161498	0.4384	0.165077
0.1017	0.179828	0.0399	0.161156	0.295	0.172665
-0.0288	0.151322	-0.0375	0.0540069	0.1718	0.144686
-0.1459	0.137964	-0.0834	-0.0063849	0.0775	0.0951566
-0.1991	0.011153	-0.1089	-0.0458382	0.0128	0.040735
-0.2425	-0.0030065	-0.092	-0.13663	-0.0262	-0.0085026
-0.2499	-0.076469	0.1085	-0.546576	-0.0343	-0.072352
-0.0887	-0.449429	0.3297	-0.617579	0.1579	-0.516362
0.194	-0.739473	0.5107	-0.556411	0.3922	-0.633672
0.3402	-0.472068	0.5457	-0.255648	0.5756	-0.549941
0.431	-0.368779	0.4541	0.0198417	0.661	-0.355711
0.3982	-0.107274	0.3097	0.147121	0.62	-0.0865914
0.2603	0.128682	0.1217	0.260875	0.5008	0.090931
0.0742	0.251863	-0.0435	0.23295	0.311	0.261345
-0.0425	0.12034	-0.1395	0.0995685	0.1204	0.285656
-0.1766	0.173855	-0.1976	0.0275433	-0.0197	0.196458
-0.2714	0.104058	-0.1591	-0.179459	-0.0838	0.0447172
-0.3062	-0.0162355	-0.0302	-0.384677	-0.0887	-0.0788374
-0.1914	-0.343214	0.0606	-0.315745	0.0084	-0.304706
-0.0887	-0.329685	0.0969	-0.205941	0.1107	-0.328124
-0.0169	-0.273326	0.0662	-0.0617559	0.1892	-0.287942
-0.0023	-0.154947	-0.028	0.0829821	0.1975	-0.141913
-0.0431	-0.0334955	-0.1553	0.168234	0.1557	-0.0319984
-0.1356	0.0868525	-0.1522	-0.105521	0.0608	0.090778
-0.1887	0.011428	-0.0559	-0.31263	-0.0931	0.233332
-0.0965	-0.304283	0.0212	-0.281625	0.0252	-0.352534
-0.0119	-0.298416	0.0606	-0.207365	0.1503	-0.382127
0.0454	-0.248189	0.0285	-0.0534486	0.2317	-0.300588
0.0266	-0.086256	-0.0622	0.080682	0.2223	-0.109225
-0.06	0.066816	-0.1597	0.107141	0.1329	0.0692374
-0.1632	0.114876	-0.268	0.143621	0.0254	0.120097
-0.289	0.178877	-0.3404	0.0779403	-0.104	0.181823
-0.3767	0.111275	-0.3957	0.0498534	-0.2073	0.139823
-0.4443	0.079398	-0.4181	-0.0152943	-0.2622	0.0452956
-0.4705	-0.0020455	-0.4235	-0.0490758	-0.2914	-0.0045876
-0.4672	-0.0620555	-0.4188	-0.0695934	-0.2917	-0.0646582
-0.4462	-0.0995145	-0.4141	-0.0689151	-0.2821	-0.086036
-0.428	-0.0936785	-0.3435	-0.214747	-0.2757	-0.0795326
-0.349	-0.229093	-0.2362	-0.303984	-0.2714	-0.0750958
-0.2358	-0.313318	-0.1541	-0.260454	-0.1964	-0.232173
-0.1515	-0.261987	-0.1198	-0.16383	-0.106	-0.275149
-0.118	-0.158737	-0.1467	-0.0316422	-0.0363	-0.23997
-0.1604	0.006543	-0.2332	0.104597	-0.0287	-0.110415
-0.2605	0.141028	-0.3457	0.173734	-0.0797	0.0189244
-0.3795	0.196895	-0.4308	0.127699	-0.1558	0.081078
-0.4628	0.134235	-0.4885	0.0785484	-0.2413	0.111561
-0.5144	0.076429	-0.5217	0.0326475	-0.3315	0.132918
-0.533	0.012026	-0.4749	-0.139544	-0.3957	0.086813
-0.4487	-0.211936	-0.3325	-0.356394	-0.4218	0.0107786
-0.3176	-0.32436	-0.2206	-0.305111	-0.3649	-0.16962
-0.1906	-0.330037	-0.1536	-0.2184	-0.2481	-0.308929
-0.1399	-0.175192	-0.1498	-0.0856863	-0.1403	-0.302685
-0.1511	-0.0431025	-0.1996	0.0334485	-0.0625	-0.248896
-0.2287	0.106793	-0.3002	0.153101	-0.0719	-0.064504
-0.3384	0.189059	-0.3953	0.154149	-0.132	0.049442
-0.4232	0.149061	-0.4746	0.131909	-0.2427	0.169471
-0.4786	0.096362	-0.5259	0.0808425	-0.3383	0.14991
-0.5021	0.0347025	-0.5493	0.0267084	-0.4262	0.14514
-0.4888	-0.0417295	-0.5413	-0.0385677	-0.4718	0.062726
-0.4644	-0.0656455	-0.5153	-0.0779418	-0.4755	-0.023869
-0.4199	-0.111096	-0.482	-0.0958218	-0.4438	-0.101125
-0.3853	-0.0925315	-0.4518	-0.0915804	-0.4111	-0.106327
-0.3615	-0.0709	-0.4314	-0.0721542	-0.3853	-0.0941626
-0.3436	-0.05894	-0.4067	-0.0829281	-0.3717	-0.0694312
-0.2601	-0.205419	-0.3231	-0.215681	-0.3668	-0.0510156
-0.1848	-0.196311	-0.2495	-0.202764	-0.3023	-0.183311
-0.1368	-0.144057	-0.202	-0.153048	-0.2523	-0.158356
-0.1277	-0.062821	-0.2069	-0.0417996	-0.2121	-0.142176
-0.1539	0.0152225	-0.2487	0.0414525	-0.2054	-0.0722194
-0.2043	0.073112	-0.3268	0.128035	-0.2324	0.0022554
-0.2753	0.126269	-0.4068	0.142845	-0.2939	0.0826732
-0.3265	0.092465	-0.4545	0.0821028	-0.3658	0.113873
-0.361	0.06334	-0.4744	0.027534	-0.4073	0.0558274
-0.3638	-0.001075	-0.4681	-0.0268377	-0.4414	0.0452622
-0.3458	-0.045186	-0.4371	-0.0811164	-0.4584	0.012309
-0.3136	-0.077302	-0.4027	-0.0911763	-0.4556	-0.0286958
-0.2772	-0.089104	-0.3709	-0.0884196	-0.4364	-0.064567
-0.2397	-0.0947155	-0.3491	-0.0689883	-0.4138	-0.0735914
-0.2198	-0.0590445	-0.3398	-0.0428349	-0.3935	-0.0704104
-0.215	-0.0268355	-0.3456	-0.0093921	-0.3796	-0.0578792
-0.2247	0.005902	-0.3603	0.0121428	-0.38	-0.0270412
-0.2456	0.033158	-0.3822	0.0310374	-0.3909	-0.0029014
-0.2652	0.034106	-0.3988	0.0230958	-0.4077	0.01232
-0.2809	0.0292045	-0.4097	0.0136629	-0.4264	0.0194068
-0.284	0.0045365	-0.4098	-0.0077757	-0.4482	0.0294292
-0.3142	0.0666415	-0.4164	0.0079155	-0.4557	0.0012106
-0.5647	0.562155	-0.6131	0.432569	-0.4551	-0.0149612
0.1949	-1.65118	-0.2072	-0.880978	-0.6637	0.450718
0.3122	-0.317988	0.1626	-0.850031	-0.3794	-0.617729
0.6098	-0.735379	0.4859	-0.792635	0.1027	-1.09117
0.8734	-0.699978	0.6999	-0.590885	0.3509	-0.630462
1.0657	-0.578653	0.8113	-0.391227	0.5501	-0.552566
1.0694	-0.188384	0.7745	-0.0779142	0.6541	-0.366435
0.9382	0.105959	0.6135	0.200385	0.637	-0.111347
0.6867	0.385336	0.4363	0.25436	0.5402	0.066559
0.4651	0.346812	0.2362	0.325754	0.3976	0.179056
0.254	0.348824	0.0905	0.228726	0.2177	0.278538
0.1356	0.167684	0.0239	0.0705366	0.0695	0.229613
0.1106	-0.026009	0.0238	-0.0691728	-0.0152	0.106458
0.1402	-0.144922	0.0598	-0.149482	-0.034	-0.0296082
0.1817	-0.1758	0.1016	-0.166983	-0.0113	-0.11946
0.2112	-0.155196	0.1225	-0.125969	0.0206	-0.142649
0.2153	-0.103425	0.1146	-0.0648843	0.05	-0.141027
0.1904	-0.040489	0.0756	0.0048789	0.0562	-0.0931632
0.1467	0.0035015	0.0139	0.0599112	0.042	-0.0487032
0.0796	0.0602955	-0.0525	0.0779067	0.0029	0.008273
0.0095	0.07496	-0.0995	0.0431052	-0.0509	0.0457008
-0.051	0.062315	-0.1374	0.0289554	-0.0966	0.034368
-0.0916	0.025855	-0.1546	-0.0119868	-0.1432	0.0421364
-0.1085	-0.0213445	-0.1611	-0.0331935	-0.177	0.0196664
-0.1132	-0.0458345	-0.1607	-0.0472494	-0.1958	-0.009186
-0.1121	-0.057586	-0.1591	-0.0494841	-0.2014	-0.0358312
-0.1135	-0.0516005	-0.1607	-0.04209	-0.2002	-0.0498548
-0.1205	-0.038398	-0.1689	-0.0267393	-0.1989	-0.049823
-0.1333	-0.0240155	-0.1813	-0.0158874	-0.2033	-0.0369184
-0.1509	-0.011069	-0.2008	0.001965	-0.2126	-0.0250872
-0.1761	0.0087955	-0.2187	0.0014091	-0.2265	-0.0133062
-0.1979	0.005261	-0.2356	0.0020439	-0.251	0.0123958
-0.217	0.002968	-0.2521	0.0039402	-0.2659	-0.0054444
-0.2348	0.003548	-0.2621	-0.0077235	-0.2876	0.0120148
-0.2436	-0.013078	-0.2688	-0.0130431	-0.2997	-0.0060938
-0.2517	-0.0123175	-0.271	-0.0214161	-0.3061	-0.0166836
-0.2561	-0.018279	-0.2702	-0.0270015	-0.3112	-0.0181792
-0.2575	-0.0231235	-0.2685	-0.02829	-0.3134	-0.0233784
-0.2584	-0.0227735	-0.268	-0.025026	-0.3143	-0.0253718
-0.2594	-0.0211465	-0.2697	-0.0193929	-0.3152	-0.0246334
-0.2606	-0.0192795	-0.2731	-0.0145956	-0.3169	-0.0221156
-0.2629	-0.015379	-0.2795	-0.0066891	-0.3199	-0.0183858
-0.2654	-0.013332	-0.2856	-0.0057303	-0.326	-0.0104918
-0.2683	-0.0108025	-0.2894	-0.0092361	-0.3312	-0.0110954
-0.2706	-0.0104335	-0.2912	-0.0123465	-0.3357	-0.011354
-0.2714	-0.0121305	-0.291	-0.0156975	-0.3393	-0.0121334
-0.2703	-0.014901	-0.2891	-0.0186282	-0.3421	-0.0127932
-0.2673	-0.0179145	-0.2862	-0.0202176	-0.3429	-0.0162114
-0.2639	-0.017843	-0.2814	-0.0239394	-0.3428	-0.0174278
-0.2591	-0.0200635	-0.2781	-0.0203511	-0.3416	-0.0191986
-0.255	-0.0178105	-0.2751	-0.0192558	-0.3401	-0.0193284
-0.2501	-0.018828	-0.273	-0.0167988	-0.3382	-0.01972
-0.2454	-0.017745	-0.2722	-0.0133482	-0.3368	-0.0181644
-0.241	-0.016438	-0.2716	-0.0121854	-0.3355	-0.0174394
-0.2374	-0.014003	-0.2704	-0.0127782	-0.3345	-0.0162604
-0.2331	-0.0148235	-0.2681	-0.0145599	-0.3339	-0.0148246
-0.2281	-0.015753	-0.2643	-0.017373	-0.3332	-0.0144522
-0.2213	-0.0192425	-0.2601	-0.0179367	-0.3323	-0.0143156
-0.217	-0.0134235	-0.2546	-0.0205629	-0.3304	-0.0159828
-0.2093	-0.020441	-0.2487	-0.0213648	-0.3276	-0.0175536
-0.2031	-0.0170195	-0.2553	0.0064431	-0.3239	-0.0192398
-0.1956	-0.0196715	-0.4308	0.383485	-0.3198	-0.0199322
-0.1927	-0.009396	-0.6063	0.406364	-0.3207	-0.0086828
-0.3276	0.29781	-0.0755	-1.14034	-0.409	0.186271
-0.722	0.893698	0.1833	-0.600741	-0.7605	0.782692
-0.0518	-1.42213	0.4272	-0.600001	-0.227	-1.13937
0.2158	-0.609858	0.6511	-0.586822	-0.0168	-0.485634
0.4955	-0.67131	0.7327	-0.299982	0.2458	-0.627678
0.7482	-0.648674	0.6595	0.0319035	0.437	-0.501556
0.9183	-0.500218	0.4771	0.28168	0.4882	-0.214676
0.9766	-0.277317	0.255	0.390937	0.4229	0.036964
0.9154	-0.0236	0.1029	0.26188	0.3292	0.10719
0.786	0.131218	0.0049	0.160016	0.1711	0.261059
0.5964	0.277408	-0.0088	-0.0153438	0.0058	0.296004
0.4213	0.265864	0.0332	-0.137453	-0.0788	0.136843
0.2841	0.201317	0.1106	-0.221413	-0.0848	-0.027327
0.2446	-0.000336	0.1877	-0.230598	-0.0134	-0.198408
0.2533	-0.103866	0.2131	-0.125716	0.0542	-0.198649
0.2884	-0.16496	0.1777	0.0056793	0.1457	-0.26011
0.3307	-0.18681	0.0858	0.1351	0.1707	-0.123801
0.3405	-0.121438	-0.0062	0.146368	0.1361	0.0052384
0.3241	-0.066071	-0.129	0.226171	0.0516	0.120065
0.2702	0.017796	0.0036	-0.326091	-0.0438	0.154491
0.1789	0.106398	0.1266	-0.321071	-0.1253	0.135331
0.0978	0.0942205	0.2234	-0.278337	-0.0654	-0.168666
0.1013	-0.084366	0.2675	-0.173762	0.0758	-0.356491
0.1592	-0.20635	0.2242	0.0143016	0.185	-0.302765
0.2461	-0.278908	0.1426	0.104096	0.2522	-0.223134
0.3179	-0.257404	0.0446	0.150162	0.2355	-0.0454108
0.3286	-0.132021	-0.0612	0.179422	0.1502	0.108585
0.2706	0.017856	-0.1342	0.119704	0.0322	0.19135
0.1637	0.132556	-0.1583	0.0203811	-0.0754	0.182573
0.0435	0.174692	-0.1457	-0.0577638	-0.1431	0.107193
-0.044	0.116742	-0.0954	-0.142684	-0.1578	-0.002027
-0.1102	0.080507	0.0664	-0.396449	-0.1188	-0.119239
-0.1335	-0.0061195	0.2135	-0.383871	-0.0174	-0.262413
-0.1253	-0.072627	0.3205	-0.313463	0.1794	-0.486727
-0.0362	-0.253028	0.3243	-0.0981717	0.346	-0.443991
0.141	-0.460007	0.2326	0.112684	0.3763	-0.16215
0.2732	-0.382737	0.0829	0.2522	0.3178	0.0307144
0.2996	-0.165223	-0.0608	0.257026	0.2118	0.142761
0.2161	0.0745065	-0.1518	0.157732	0.0944	0.1806
0.0644	0.235609	-0.1732	0.0146592	-0.0298	0.209844
-0.0947	0.270714	-0.1262	-0.134242	-0.1028	0.111289
-0.2217	0.219653	-0.069	-0.162319	-0.1399	0.040631
-0.2544	0.0268185	0.1026	-0.423459	-0.1346	-0.0487758
-0.2308	-0.0930895	0.1822	-0.240358	-0.1074	-0.097815
-0.172	-0.173205	0.3047	-0.346062	-0.0749	-0.112695
-0.1167	-0.171908	0.3682	-0.230886	0.1127	-0.461143
0.0612	-0.451022	0.3625	-0.0859698	0.2796	-0.43826
0.2414	-0.478683	0.277	0.0910392	0.3887	-0.330749
0.3172	-0.270125	0.197	0.0884982	0.3762	-0.0746416
0.2907	-0.0535685	0.3427	-0.403984	0.2614	0.153442
0.1695	0.158998	0.5503	-0.560537	0.1799	0.0929318
0.0847	0.0923105	0.7227	-0.509473	0.3337	-0.420322
0.2151	-0.376333	0.7275	-0.160271	0.5229	-0.518411
0.3988	-0.512301	0.5994	0.132392	0.6744	-0.45877
0.5546	-0.47518	0.4399	0.216153	0.6803	-0.155079
0.5379	-0.113616	0.2587	0.282691	0.6022	0.0294888
0.4056	0.142993	0.2001	0.0316623	0.4523	0.197352
0.2505	0.208232	0.4733	-0.699322	0.3162	0.184072
0.0788	0.263302	0.8291	-0.917965	0.2566	0.0300606
0.1409	-0.235834	1.0656	-0.699012	0.5678	-0.787099
0.4291	-0.747374	1.1394	-0.369616	0.7612	-0.564449
0.7364	-0.828042	1.1344	-0.206939	0.9979	-0.685779
0.8759	-0.496781	1.3153	-0.622983	1.1029	-0.424015
0.8278	-0.101188	1.5101	-0.680079	1.0896	-0.176168
0.8795	-0.32137	1.5957	-0.465818	1.2426	-0.546243
1.1273	-0.768552	1.5064	-0.0923316	1.4995	-0.79826
1.2688	-0.568646	1.309	0.154439	1.5941	-0.471971
1.2591	-0.256258	1.0372	0.340184	1.5292	-0.132291
1.108	0.053274	0.8592	0.161986	1.3332	0.163873
0.8839	0.229047	0.7285	0.0761547	1.084	0.303329
0.6537	0.266212	0.8756	-0.527504	0.857	0.282235
0.4677	0.193374	1.0971	-0.713615	0.7366	0.0713494
0.5762	-0.440977	1.2672	-0.629889	0.8809	-0.503598
0.8109	-0.738216	1.2755	-0.294932	1.1756	-0.857154
1.0202	-0.715093	1.1771	-0.0625848	1.3665	-0.664815
1.0609	-0.371221	1.0511	0.0073419	1.4203	-0.386201
0.9706	-0.0901385	0.9094	0.0545877	1.3082	-0.0269756
0.7937	0.108981	0.8048	-0.0131847	1.126	0.139846
0.5718	0.22725	0.8799	-0.402206	0.9755	0.0893854
0.5839	-0.268521	0.9676	-0.442093	1.0455	-0.384156
0.6749	-0.448506	0.9994	-0.331517	1.1248	-0.415451
0.729	-0.381153	0.9336	-0.121462	1.1604	-0.330274
0.7168	-0.244043	0.8029	0.0281031	1.113	-0.152512
0.6333	-0.0874595	0.6386	0.116463	1.0008	-0.0049696
0.4952	0.0412965	0.4748	0.133645	0.8579	0.0749326
0.3039	0.174453	0.3341	0.101017	0.7133	0.094428
0.1712	0.066461	0.2563	-0.0225063	0.6035	0.033317
0.062	0.029905	0.3699	-0.439188	0.4902	0.0532826
0.0137	-0.0922575	0.5398	-0.579425	0.513	-0.236289
0.1626	-0.525058	0.6545	-0.479233	0.6989	-0.602505
0.3076	-0.535806	0.6644	-0.262334	0.8	-0.438157
0.3648	-0.360114	0.5894	-0.0768123	0.8264	-0.286108
0.3321	-0.169061	0.4632	0.0444621	0.7693	-0.105445
0.2184	0.013591	0.3214	0.0932739	0.6517	0.034414
0.0652	0.114599	0.2089	0.0446172	0.512	0.096564
-0.0865	0.130086	0.0711	0.11407	0.3775	0.101029
-0.1964	0.0564755	0.012	-0.0441441	0.2616	0.0753538
-0.3046	0.0674125	-0.0501	-0.0302418	0.1962	-0.0232406
-0.3651	-0.023672	-0.0874	-0.0775836	0.1353	-0.0256532
-0.3981	-0.0754715	-0.1215	-0.0798471	0.1127	-0.103597
-0.4282	-0.0758085	-0.1618	-0.0615057	0.0769	-0.0717344
-0.4603	-0.065455	-0.2218	-0.0122703	0.0364	-0.0570772
-0.5007	-0.0406735	-0.2924	0.0193389	-0.0245	-0.0068802
-0.5483	-0.0171	-0.3528	0.0062253	-0.083	-0.0047342
-0.601	0.002939	-0.4204	0.0307185	-0.1551	0.032788
-0.6664	0.040789	-0.4728	0.0065049	-0.2141	0.0127862
-0.7192	0.024261	-0.518	-0.0016371	-0.2784	0.032189
-0.7744	0.039797	0.4594	-2.26776	-0.326	0.003483
0.8132	-3.60466	-0.3626	1.6107	0.3701	-1.64256
-0.6698	3.02491	-0.2881	-0.280021	-0.234	1.16082
-0.5954	-0.251583	-0.2488	-0.210071	-0.1692	-0.251307
-0.5324	-0.232541	-0.2295	-0.169698	-0.1185	-0.227544
-0.4815	-0.210831	-0.2346	-0.117143	-0.0773	-0.212383
-0.465	-0.138246	-0.2725	-0.042897	-0.0847	-0.109266
-0.478	-0.0723465	-0.323	-0.009408	-0.1346	-0.0137586
-0.5133	-0.018714	-0.3807	0.0137781	-0.1972	0.0208178
-0.5721	0.0405525	-0.4528	0.0540285	-0.2654	0.0412926
-0.6268	0.0416405	-0.5112	0.0338001	-0.3431	0.0712528
-0.6775	0.042712	-0.5716	0.0469629	-0.4117	0.0611982
-0.7361	0.0700145	-0.6134	0.0147591	-0.4487	0.0001756
-0.7682	0.0220575	-0.6467	0.0028452	-0.4845	0.0029206
-0.7887	0.004101	-0.6777	0.0037683	-0.5196	0.0067018
-0.7999	-0.0100855	-0.6986	-0.0128379	-0.545	-0.0095302
-0.8065	-0.014921	-0.7158	-0.0163965	-0.5662	-0.0146738
-0.8088	-0.019631	-0.7305	-0.017691	-0.5845	-0.0173988
-0.8094	-0.019082	-0.7468	-0.0101346	-0.6014	-0.017108
-0.8091	-0.0169625	-0.7599	-0.0130029	-0.6208	-0.0082884
-0.8084	-0.0138445	-0.772	-0.0113349	-0.6334	-0.0197896
-0.8075	-0.010335	-0.7852	-0.0050853	-0.6481	-0.0123194
-0.8063	-0.0070775	-0.795	-0.0086643	-0.668	0.0023246
-0.8029	-0.008091	-0.8032	-0.0086307	-0.6789	-0.0139096
-0.7998	-0.003834	-0.8097	-0.0089916	-0.6904	-0.0098888
-0.7946	-0.004895	-0.8146	-0.0093198	-0.7021	-0.0066606
-0.7875	-0.0057995	-0.8179	-0.0098301	-0.7105	-0.0111616
-0.7783	-0.007422	-0.8197	-0.010305	-0.7184	-0.0098268
-0.7668	-0.009798	-0.8196	-0.0118482	-0.7225	-0.0158698
-0.7503	-0.0185265	-0.818	-0.0127362	-0.7263	-0.0145912
-0.7345	-0.01528	-0.8073	-0.0307083	-0.7288	-0.0155636
-0.7215	-0.0073525	-0.7942	-0.0349377	-0.7297	-0.0173562
-0.6975	-0.029845	-0.7818	-0.0326103	-0.7214	-0.0362294
-0.6645	-0.0493825	-0.7718	-0.0264549	-0.7131	-0.0357992
-0.6374	-0.0370575	-0.7631	-0.0224796	-0.7065	-0.0316082
-0.6145	-0.027913	-0.7581	-0.0130353	-0.7027	-0.0247788
-0.5956	-0.018803	-0.7544	-0.0084861	-0.7017	-0.0176154
-0.5793	-0.0124025	-0.7509	-0.0062334	-0.7026	-0.0121122
-0.5645	-0.008206	-0.7463	-0.0068565	-0.705	-0.0072642
-0.5467	-0.0139085	-0.7402	-0.0085179	-0.7068	-0.0068946
-0.5308	-0.0091725	-0.7323	-0.011049	-0.7074	-0.0079278
-0.5142	-0.0100635	-0.7226	-0.0138252	-0.7064	-0.009995
-0.5001	-0.004005	-0.7113	-0.0164073	-0.7037	-0.0124816
-0.4771	-0.0230695	-0.6988	-0.0183309	-0.6982	-0.0176252
-0.4557	-0.019999	-0.6855	-0.0195504	-0.6921	-0.018233
-0.434	-0.021063	-0.6719	-0.0197967	-0.6853	-0.0191484
-0.4124	-0.021383	-0.6582	-0.0196761	-0.6782	-0.019274
-0.3912	-0.021131	-0.6447	-0.018942	-0.6711	-0.0187838
-0.3704	-0.020935	-0.6315	-0.0180015	-0.6641	-0.0180856
-0.3502	-0.020348	-0.6186	-0.0170637	-0.6572	-0.0173892
-0.3307	-0.0195645	-0.6058	-0.0165723	-0.6505	-0.0164722
-0.3117	-0.019236	-0.6448	0.0988221	-0.6439	-0.0157664
-0.2958	-0.013155	-0.7206	0.18736	-0.6634	0.0427104
-0.3295	0.0966965	-0.8774	0.378908	-0.804	0.3155
-0.4879	0.380014	-1.0031	0.331691	-0.9372	0.317819
-0.6401	0.388459	-1.0667	0.212113	-1.0627	0.318834
-0.7496	0.315677	-1.0573	0.0608574	-1.1264	0.198951
-0.7551	0.101712	-0.9713	-0.107409	-1.1136	0.0389922
-0.6884	-0.05447	-0.8889	-0.10707	-1.0285	-0.120993
-0.5749	-0.163495	-0.8556	-0.0053892	-0.9485	-0.117986
-0.4758	-0.142768	-1.0244	0.44235	-0.943	0.0396902
-0.5268	0.181196	-1.1585	0.389048	-1.1231	0.453308
-0.6857	0.430282	-1.2759	0.371893	-1.2935	0.455973
-0.8462	0.457133	-1.311	0.207208	-1.395	0.326253
-0.8962	0.235564	-1.2845	0.0785217	-1.4081	0.145002
-0.8675	0.0711875	-1.1986	-0.0529305	-1.3545	0.0012086
-0.7776	-0.0642325	-1.051	-0.19706	-1.2522	-0.110833
-0.651	-0.153239	-0.9461	-0.117139	-1.1278	-0.169915
-0.5138	-0.189394	-0.8298	-0.152546	-1.0017	-0.186614
-0.3643	-0.231343	-0.8575	0.155751	-0.8915	-0.164665
-0.2933	-0.0735465	-1.118	0.679245	-1.0557	0.43339
-0.5463	0.639945	-1.4335	0.836905	-1.4097	0.87727
-0.8963	0.890127	-1.6811	0.729071	-1.7361	0.86195
-1.2124	0.862931	-1.807	0.494029	-1.9703	0.700375
-1.4318	0.693348	-1.8029	0.225946	-2.0725	0.439584
-1.5192	0.434232	-1.6929	-0.0045651	-2.0289	0.132229
-1.504	0.224467	-1.7437	0.344442	-2.0366	0.244957
-1.4933	0.2401	-1.915	0.623793	-2.1208	0.419952
-1.6018	0.511449	-2.0282	0.521452	-2.2723	0.584007
-1.7611	0.646051	-2.0443	0.325606	-2.3506	0.444384
-1.841	0.498103	-1.9337	0.0520656	-2.3284	0.235327
-1.8125	0.276106	-1.7657	-0.0833373	-2.1836	-0.035142
-1.6882	0.068451	-1.5244	-0.26165	-2.0003	-0.133987
-1.5015	-0.0774855	-1.4672	0.122498	-1.7662	-0.265227
-1.2399	-0.259968	-1.6052	0.553793	-1.7891	0.280799
-1.1275	0.0455015	-1.7752	0.646719	-1.9724	0.64358
-1.2806	0.627827	-1.8833	0.535351	-2.1655	0.691663
-1.4324	0.650475	-1.8898	0.32844	-2.2404	0.456912
-1.5403	0.578934	-1.7773	0.0703719	-2.1842	0.179226
-1.5198	0.314433	-1.615	-0.0488391	-2.0439	-0.010132
-1.3743	0.0413445	-1.386	-0.212231	-1.775	-0.30891
-1.1477	-0.150419	-1.1566	-0.237129	-1.5693	-0.197735
-0.9397	-0.13162	-1.0123	-0.0726984	-1.3861	-0.169697
-0.7457	-0.121772	-1.0033	0.213362	-1.3778	0.199352
-0.5828	-0.073096	-1.022	0.276841	-1.4098	0.290642
-0.5595	0.220066	-1.0109	0.215962	-1.4143	0.236261
-0.5464	0.242646	-0.9548	0.117595	-1.3555	0.0989856
-0.5024	0.174988	-0.8124	-0.0782862	-1.2593	0.0114202
-0.4214	0.0896745	-0.678	-0.0755802	-1.1075	-0.121341
-0.2795	-0.053846	-0.545	-0.0869652	-0.9669	-0.112759
-0.1348	-0.076416	-0.4603	0.0056817	-0.8581	-0.0573188
0.0676	-0.222212	-0.471	0.208719	-0.8751	0.210651
0.1062	0.116605	-0.4788	0.205001	-0.8975	0.226474
0.091	0.230954	-0.4549	0.136928	-0.8848	0.15301
0.0886	0.203919	-0.3762	0.0135324	-0.7994	-0.0083092
0.1362	0.092526	-0.2524	-0.0952764	-0.722	0.0006468
0.2162	0.013805	-0.1086	-0.154207	-0.5916	-0.125118
0.3199	-0.0500085	-0.0568	0.0329478	-0.4928	-0.0696284
0.4609	-0.147563	0.0541	-0.104633	-0.4323	0.0044062
0.5749	-0.107417	0.0952	0.0367299	-0.3904	0.039219
0.6202	0.0283155	0.1257	0.0549528	-0.3546	0.0484422
0.653	0.0473645	0.1597	0.0430437	-0.3117	0.0290076
0.6843	0.043337	0.1997	0.0250446	-0.2464	-0.0253756
0.7288	0.006633	0.2614	-0.0287136	-0.1672	-0.0637352
0.7761	-0.0088035	0.3351	-0.0637629	-0.0981	-0.050621
0.8397	-0.054864	0.3981	-0.0500472	-0.0325	-0.051078
0.9068	-0.0748	0.4682	-0.0747738	0.0278	-0.0472396
0.9591	-0.0547915	0.5303	-0.0670167	0.0933	-0.0662062
1.0036	-0.0487695	0.573	-0.0331197	0.1509	-0.05683
1.0413	-0.04422	0.6122	-0.0323103	0.1904	-0.0239408
1.0784	-0.052804	0.6381	-0.0094026	0.2221	-0.011809
1.0987	-0.0254535	0.6568	0.001503	0.2543	-0.0172316
1.1216	-0.0392695	0.6663	0.0176841	0.2732	0.007884
1.1336	-0.0234875	0.6818	0.0011787	0.2894	0.0110312
1.1352	-0.0075155	0.6944	0.0036735	0.3124	-0.0066336
1.1312	-0.0009315	0.7179	-0.0241902	0.3364	-0.0122864
1.1277	-0.0072	0.7415	-0.0294567	0.3634	-0.0225532
1.1257	-0.0157385	0.7716	-0.0490335	0.3923	-0.0307958
1.1259	-0.026012	0.8004	-0.0521607	0.4218	-0.0364394
1.1271	-0.0338915	0.8207	-0.0392088	0.4557	-0.0506588
1.1278	-0.0385645	0.8354	-0.031719	0.4857	-0.0470402
1.126	-0.0387285	0.8449	-0.0244737	0.5054	-0.028785
1.1195	-0.033676	0.8503	-0.0190626	0.5194	-0.0195338
1.1073	-0.0257785	0.8773	-0.0702945	0.5314	-0.0178366
1.093	-0.0251175	0.9306	-0.134712	0.5673	-0.0734692
1.079	-0.0294625	1.0088	-0.199413	0.6215	-0.119646
1.108	-0.128783	1.0534	-0.137365	0.7068	-0.196606
1.1462	-0.158417	1.0662	-0.0753195	0.7596	-0.136211
1.1876	-0.176043	1.0442	-0.0027321	0.784	-0.081067
1.1946	-0.110617	1.0035	0.0384114	0.7768	-0.0153966
1.1714	-0.0502695	0.9541	0.0597471	0.7488	0.0301458
1.1234	0.0019535	0.9085	0.0545136	0.7099	0.056284
1.0444	0.0713115	0.8733	0.0342777	0.6706	0.0604988
0.9713	0.062837	0.851	0.0073107	0.6389	0.047065
0.9053	0.0513205	0.8397	-0.0169524	0.6194	0.0225462
0.8526	0.0254515	0.8397	-0.0432015	0.6128	-0.0049774
0.8137	-0.002929	0.8439	-0.0550572	0.6175	-0.0305064
0.7823	-0.0188225	0.8471	-0.0558825	0.6324	-0.0549792
0.7642	-0.0484015	0.8457	-0.0485916	0.6472	-0.0578396
0.7493	-0.05708	0.8378	-0.036507	0.6592	-0.054718
0.7362	-0.062969	0.8231	-0.0229323	0.6657	-0.0452794
0.7153	-0.0476575	0.8024	-0.0102555	0.6619	-0.0245172
0.6871	-0.032379	0.7772	-0.0001131	0.6516	-0.0109344
0.6516	-0.016047	0.7543	-0.004458	0.6374	-0.0023152
0.6021	0.0162825	0.8287	-0.220202	0.6323	-0.0220778
0.5669	-0.012358	1.0102	-0.469923	0.7145	-0.216701
0.5362	-0.020805	1.1626	-0.430589	0.9051	-0.469023
0.6108	-0.253941	1.2452	-0.297656	1.0986	-0.50053
0.7754	-0.46657	1.2401	-0.116594	1.1773	-0.271249
0.9045	-0.412034	1.1629	0.0405909	1.1574	-0.0641156
0.9602	-0.26938	1.037	0.154858	1.0577	0.113313
0.9283	-0.086233	0.8949	0.203245	0.9165	0.215574
0.8252	0.071533	0.7661	0.188473	0.7734	0.235189
0.6492	0.242497	0.7198	0.0186195	0.6428	0.223326
0.4978	0.206516	0.8912	-0.461792	0.7005	-0.180429
0.3791	0.150195	1.1121	-0.595586	0.9404	-0.593718
0.4001	-0.147696	1.298	-0.548288	1.1909	-0.64842
0.6047	-0.560831	1.389	-0.364085	1.3827	-0.550931
0.8086	-0.587872	1.3721	-0.139584	1.4649	-0.333565
0.9433	-0.463433	1.2674	0.0535581	1.4353	-0.0981038
0.973	-0.251362	1.1114	0.176674	1.3222	0.0881738
0.9079	-0.0490095	0.9414	0.22365	1.1708	0.18443
0.7728	0.110339	0.7876	0.205723	0.9846	0.277885
0.6035	0.199457	0.6682	0.145806	0.857	0.168423
0.434	0.218047	0.5886	0.0700125	0.7725	0.086508
0.2892	0.182107	0.5455	-0.003102	0.7306	0.0006148
0.1821	0.114879	0.5932	-0.201286	0.7186	-0.0621724
0.1138	0.0410255	0.9645	-0.928295	0.9263	-0.550319
0.0751	-0.016866	1.5315	-1.4119	1.4252	-1.22456
0.2853	-0.566206	2.0453	-1.36797	1.9737	-1.39848
0.833	-1.34485	2.4385	-1.16921	2.4133	-1.22737
1.3891	-1.43616	2.6746	-0.875657	2.7048	-0.956753
1.8395	-1.27744	2.7342	-0.520361	2.825	-0.617097
2.1462	-1.0232	2.6322	-0.176658	2.7379	-0.176791
2.2808	-0.68935	2.418	0.077412	2.4696	0.230986
2.2387	-0.324421	2.1548	0.205432	2.1835	0.298331
1.9571	0.202536	1.8337	0.360052	1.8976	0.328424
1.6715	0.23685	1.5904	0.221097	1.6481	0.278628
1.3839	0.268643	1.3994	0.129989	1.4462	0.200003
1.1246	0.234705	1.2518	0.0528057	1.291	0.117975
0.9018	0.180283	1.1296	0.0107409	1.1694	0.0596684
0.7167	0.119741	1.0271	-0.0214104	1.0776	0.0059492
0.5366	0.12817	0.9354	-0.0358926	1.0067	-0.0314462
0.4143	0.0193945	0.8486	-0.0383124	0.9462	-0.0479186
0.3191	-0.027687	0.8718	-0.274712	0.9179	-0.113978
0.2381	-0.0489775	1.2139	-0.989096	1.1261	-0.637865
0.2539	-0.255423	1.5765	-1.08039	1.5387	-1.11969
0.6486	-1.10172	1.968	-1.19396	1.9956	-1.27154
1.1241	-1.33408	2.3077	-1.13287	2.3362	-1.07286
1.5155	-1.21202	2.3684	-0.561357	2.537	-0.808448
1.7831	-0.993063	2.2771	-0.238033	2.5782	-0.483388
1.9015	-0.703459	2.0965	-0.0351201	2.4851	-0.195156
1.8832	-0.423609	1.8789	0.0630552	2.266	0.0912038
1.7554	-0.1871	1.6563	0.0952983	2.047	0.11318
1.5551	-0.0185895	1.4415	0.10037	1.8368	0.11625
1.3193	0.07766	1.1995	0.182931	1.6057	0.184661
1.0259	0.228698	1.0133	0.0850554	1.4307	0.0849894
0.7901	0.132084	0.852	0.0495654	1.2816	0.0459282
0.58	0.100426	0.7078	0.028836	1.1514	0.0195594
0.3946	0.068831	0.5501	0.0744597	1.0315	0.0102544
0.2257	0.0533205	0.4282	0.0126231	0.9191	0.0061542
0.041	0.10846	0.3189	-0.0016776	0.7915	0.0518032
-0.1002	0.0345545	0.2171	-0.0058629	0.6905	0.0066822
-0.225	0.0162155	0.1488	-0.0684633	0.5995	-0.0045968
-0.3367	0.003793	0.204	-0.335049	0.5914	-0.178898
-0.4324	-0.016161	0.3436	-0.530072	0.7007	-0.439955
-0.3938	-0.300854	0.4404	-0.453129	0.8449	-0.532239
-0.2218	-0.600525	0.4654	-0.306745	0.9357	-0.432866
-0.1068	-0.494091	0.4017	-0.114037	0.932	-0.235836
-0.0672	-0.340167	0.292	-0.0051486	0.8486	-0.0601554
-0.1259	-0.126063	0.1591	0.0590421	0.7206	0.0474234
-0.2347	-0.006624	0.019	0.0909171	0.5459	0.165366
-0.3672	0.060882	-0.1402	0.150552	0.3792	0.167811
-0.5067	0.0948555	-0.259	0.0807447	0.2657	0.0691798
-0.6667	0.160439	-0.3505	0.0354462	0.1635	0.0573868
-0.7869	0.0952175	-0.2421	-0.396626	0.1953	-0.22822
-0.8811	0.056327	-0.0631	-0.566176	0.3931	-0.601342
-0.7642	-0.39719	0.1025	-0.558216	0.5409	-0.51516
-0.5471	-0.630926	0.1504	-0.317245	0.612	-0.363846
-0.3968	-0.506699	0.1129	-0.133744	0.5921	-0.171542
-0.3284	-0.341274	-0.0092	0.058596	0.5126	-0.0378672
-0.3485	-0.15127	-0.1449	0.103875	0.3826	0.0830176
-0.4443	0.0214175	-0.3068	0.179243	0.266	0.0683376
-0.5522	0.0625365	-0.4262	0.1056	0.1349	0.11425
-0.6591	0.07656	-0.5378	0.104225	0.0376	0.0548706
-0.7584	0.076308	-0.606	0.0230871	-0.0585	0.0639996
-0.8629	0.104083	-0.663	0.0083961	-0.1347	0.031623
-0.9364	0.0524845	-0.6963	-0.035289	-0.185	-0.016361
-1.0033	0.051669	-0.7231	-0.0435537	-0.225	-0.032741
-1.0449	0.0087555	-0.7549	-0.026973	-0.268	-0.020745
-1.0803	0.005385	-0.7837	-0.0274659	-0.3044	-0.0296282
-1.1054	-0.007706	-0.7413	-0.17985	-0.3315	-0.0452432
-1.1186	-0.025519	-0.5433	-0.52874	-0.2368	-0.311914
-1.0843	-0.123963	-0.3364	-0.571249	0.012	-0.665404
-0.8836	-0.493069	-0.2027	-0.432965	0.187	-0.531798
-0.6511	-0.584494	-0.1626	-0.240729	0.2772	-0.365096
-0.4728	-0.489706	-0.2095	-0.0517725	0.2574	-0.132235
-0.3703	-0.340974	-0.2989	0.0491022	0.1777	0.0027638
-0.3789	-0.104738	-0.4028	0.0932286	0.0486	0.121899
-0.455	0.048419	-0.5253	0.148564	-0.065	0.103111
-0.57	0.146759	-0.6144	0.0909597	-0.185	0.131321
-0.6842	0.162204	-0.6944	0.0835329	-0.2665	0.0607836
-0.758	0.09001	-0.7327	0.002757	-0.3378	0.0485952
-0.8072	0.04829	-0.7707	0.0089991	-0.3805	-0.0055798
-0.8376	0.016646	-0.7933	-0.018249	-0.4111	-0.0264956
-0.8583	0.0030515	-0.8131	-0.0193137	-0.4396	-0.0266064
-0.8674	-0.0158795	-0.8264	-0.0288885	-0.4665	-0.0258054
-0.8717	-0.021085	-0.8409	-0.0221058	-0.4845	-0.0413664
-0.8736	-0.021529	-0.8508	-0.0280254	-0.5121	-0.0168702
-0.8749	-0.0182585	-0.8359	-0.0793857	-0.5321	-0.029366
-0.8756	-0.0150565	-0.6743	-0.404825	-0.4366	-0.282503
-0.8744	-0.0148185	-0.4556	-0.549612	-0.1974	-0.612582
-0.7549	-0.273814	-0.2571	-0.530241	-0.0342	-0.472498
-0.4865	-0.616279	-0.1829	-0.277566	0.0499	-0.316579
-0.2555	-0.564182	-0.2337	-0.0082689	0.0469	-0.133403
-0.1441	-0.325669	-0.3389	0.119612	-0.0362	0.0448512
-0.133	-0.115706	-0.4877	0.230491	-0.1857	0.202603
-0.2083	0.075811	-0.6212	0.216244	-0.2926	0.126556
-0.3017	0.126538	-0.7074	0.129381	-0.3849	0.107742
-0.4117	0.176656	-0.741	0.0251757	-0.4422	0.042002
-0.4961	0.135505	-0.7372	-0.0516087	-0.4663	-0.0238934
-0.5428	0.0646525	-0.7128	-0.0956583	-0.4747	-0.054906
-0.5535	-0.006896	-0.6913	-0.0900744	-0.4749	-0.0711522
-0.5427	-0.0506285	-0.6753	-0.0784185	-0.4774	-0.0650674
-0.5256	-0.0632825	-0.6745	-0.044571	-0.489	-0.0435874
-0.5058	-0.0687995	-0.6316	-0.136234	-0.5005	-0.0414164
-0.493	-0.0531705	-0.4681	-0.40771	-0.3871	-0.31654
-0.4867	-0.037843	-0.3287	-0.372842	-0.2569	-0.36693
-0.3814	-0.256472	-0.2739	-0.200936	-0.15	-0.330528
-0.2058	-0.424145	-0.2926	-0.0434643	-0.1318	-0.146179
-0.0771	-0.340713	-0.3722	0.0950943	-0.1797	-0.0012614
-0.0392	-0.154385	-0.4795	0.167579	-0.2823	0.126485
-0.071	-0.0038445	-0.5603	0.123306	-0.4017	0.176897
-0.1519	0.109733	-0.6246	0.0982455	-0.4833	0.108275
-0.2297	0.113708	-0.5127	-0.283664	-0.5079	-0.007457
-0.3093	0.128586	-0.3829	-0.335682	-0.3731	-0.357627
-0.3507	0.0550875	-0.2692	-0.314708	-0.2452	-0.357994
-0.2495	-0.255269	-0.2314	-0.15916	-0.1385	-0.326001
-0.0933	-0.389046	-0.2463	-0.045963	-0.1144	-0.155205
0.0355	-0.34714	-0.3132	0.0722046	-0.1703	0.019844
0.0799	-0.175627	-0.3869	0.0964893	-0.2516	0.0834432
0.0589	-0.036062	-0.4515	0.0864858	-0.3432	0.116752
0.0148	0.017666	-0.4315	-0.0922797	-0.382	0.0112916
-0.0669	0.106765	-0.386	-0.150132	-0.3663	-0.10431
-0.1306	0.0772615	-0.3475	-0.139009	-0.35	-0.106826
-0.1216	-0.0758805	-0.3368	-0.0809028	-0.3369	-0.101004
-0.0789	-0.15138	-0.3525	-0.0225213	-0.3405	-0.064821
-0.0424	-0.142528	-0.383	0.0133677	-0.3599	-0.0285932
-0.0222	-0.110611	-0.3735	-0.0706518	-0.3909	0.0002686
-0.0287	-0.0536175	-0.3039	-0.204302	-0.3753	-0.0987128
-0.0608	0.0042985	-0.2529	-0.170603	-0.2937	-0.246517
-0.099	0.0221875	-0.2094	-0.159445	-0.2469	-0.17856
-0.0551	-0.155215	-0.2072	-0.0723576	-0.2185	-0.142891
0.0108	-0.209377	-0.2342	-0.007095	-0.2306	-0.0559274
0.0634	-0.188076	-0.2934	0.0685092	-0.2716	0.0102258
0.0855	-0.127105	-0.3509	0.0728919	-0.3309	0.0564336
0.0674	-0.0408505	-0.4119	0.0887976	-0.3957	0.076551
0.0111	0.04607	-0.4483	0.0428505	-0.4552	0.0734714
-0.0501	0.0639545	-0.4675	0.010437	-0.5102	0.0716418
-0.1082	0.0649575	-0.4693	-0.0244791	-0.539	0.0211558
-0.1563	0.050511	-0.405	-0.16979	-0.5505	-0.0126932
-0.1975	0.0419525	-0.2826	-0.30564	-0.4948	-0.159508
-0.2207	0.00804	-0.1997	-0.232039	-0.3965	-0.259971
-0.2259	-0.0280065	-0.16	-0.145603	-0.3014	-0.26406
-0.1475	-0.212237	-0.1683	-0.0433023	-0.2611	-0.153294
-0.0553	-0.252004	-0.2252	0.0662613	-0.2673	-0.054365
0.0265	-0.240113	-0.2938	0.0999447	-0.3207	0.0518044
0.0502	-0.121198	-0.3052	-0.0178917	-0.3867	0.0869578
0.0304	-0.027624	-0.26	-0.141396	-0.4104	0.0017926
-0.0358	0.077939	-0.2081	-0.161069	-0.3782	-0.118705
-0.1067	0.0968505	-0.169	-0.138374	-0.334	-0.148541
-0.1127	-0.038156	-0.1644	-0.0659832	-0.3001	-0.130379
-0.0681	-0.149427	-0.1864	-0.006924		
-0.0219	-0.158222	-0.2279	0.0396897		
0.012	-0.13652	-0.288	0.0868257		
0.0119	-0.0651675	-0.3429	0.0835224		
-0.0214	0.0086555	-0.3771	0.0452877		
-0.0678	0.0420725	-0.3848	-0.0082839		
-0.118	0.0566665	-0.3763	-0.042195		
-0.1723	0.072654	-0.3193	-0.149927		
-0.2062	0.034913	-0.2044	-0.284692		
-0.2256	0.007919	-0.1227	-0.224408		
-0.2321	-0.0172305	-0.0815	-0.144057		
-0.203	-0.0944675	-0.0944	-0.0286161		
-0.1031	-0.25462	-0.1462	0.0597285		
-0.0306	-0.205627	-0.2356	0.150123		
0.0047	-0.131766	-0.2654	0.0293355		
-0.0073	-0.03096	-0.2375	-0.09447		
-0.0526	0.044669	-0.1967	-0.125866		
-0.1266	0.114452	-0.1527	-0.137408		
-0.164	0.0429	-0.1348	-0.0843414		
-0.1343	-0.100902	-0.1393	-0.0363435		
-0.085	-0.147553	-0.1642	0.0099771		
-0.0244	-0.178433	-0.2101	0.0602154		
-0.0056	-0.0928815	-0.2511	0.0555987		
-0.017	-0.0280085	-0.2836	0.0424995		
-0.0539	0.030239	-0.3058	0.0244509		
-0.1046	0.065826	-0.3098	-0.0123597		
-0.1572	0.076914	-0.3023	-0.0365028		
-0.2013	0.0653625	-0.285	-0.0583038		
-0.2305	0.038729	-0.2722	-0.0495732		
-0.2427	0.0057065	-0.2381	-0.0976809		
-0.2393	-0.026265	-0.1556	-0.208754		
-0.2246	-0.050636	-0.0827	-0.197094		
-0.2046	-0.063143	-0.0359	-0.147792		
		-0.0412	-0.0376227		
		-0.0829	0.04407		
		-0.1626	0.133922		
		-0.2323	0.121983		
		-0.2689	0.0576714		
		-0.2324	-0.0995214		
		-0.1587	-0.186009		
		-0.0989	-0.163699		
		-0.0645	-0.114293		
		-0.0615	-0.0485286		
		-0.0866	0.0137532		
		-0.1415	0.0833457		
		-0.1937	0.0845208		
		-0.2375	0.0728493		
		-0.2639	0.040269		
		-0.2696	-0.0017082		
