CTE-0.12-0.009-1.8	SteerValue-0.12-0.009-1.8	CTE-0.12-0.009-1.8-NoBreak	SteerValue-0.12-0.009-1.8-NoBreak
0.7598	-1	0.7598	-1
0.7598	-0.098774	0.7598	-0.104852
0.7598	-0.102573	0.7598	-0.111691
0.7598	-0.106372	0.7598	-0.118529
0.7597	-0.109979	0.7596	-0.124981
0.7595	-0.113572	0.7593	-0.131599
0.7592	-0.117152	0.7587	-0.137815
0.7587	-0.120526	0.758	-0.144373
0.758	-0.123871	0.7571	-0.150719
0.7572	-0.127381	0.7557	-0.156452
0.7565	-0.13126	0.7547	-0.163845
0.7552	-0.1338	0.7531	-0.169351
0.7537	-0.137029	0.7512	-0.175343
0.7519	-0.140032	0.7488	-0.180895
0.7497	-0.142797	0.7461	-0.186745
0.747	-0.145307	0.7419	-0.190219
0.7439	-0.147935	0.7379	-0.19674
0.7393	-0.148379	0.7331	-0.201322
0.7349	-0.151886	0.7276	-0.20595
0.7299	-0.153855	0.721	-0.209667
0.7226	-0.152453	0.7134	-0.213376
0.7157	-0.155923	0.7022	-0.211871
0.708	-0.157099	0.6889	-0.212695
0.6993	-0.157752	0.6736	-0.213322
0.6895	-0.158043	0.6597	-0.220111
0.6786	-0.158148	0.6442	-0.221169
0.6632	-0.151516	0.6222	-0.212429
0.6495	-0.156179	0.5971	-0.209211
0.6345	-0.155212	0.5751	-0.217327
0.618	-0.153622	0.551	-0.215614
0.6	-0.151762	0.5245	-0.212834
0.5803	-0.14924	0.4878	-0.19446
0.5533	-0.135626	0.4557	-0.20299
0.5297	-0.141562	0.4129	-0.18231
0.5052	-0.139529	0.3797	-0.199023
0.4831	-0.143612	0.3555	-0.215519
0.4695	-0.159627	0.3177	-0.189362
0.4414	-0.132363	0.2752	-0.178279
0.4085	-0.121817	0.226	-0.162349
0.3851	-0.138035	0.1875	-0.178676
0.3626	-0.138767	0.1478	-0.173082
0.3384	-0.134495	0.1047	-0.162733
0.3118	-0.128543	0.0583	-0.151749
0.2828	-0.122156	-0.0039	-0.11581
0.2435	-0.100118	-0.0568	-0.125691
0.2096	-0.106818	-0.1113	-0.115269
0.1744	-0.101126	-0.1686	-0.101836
0.1369	-0.0931705	-0.2284	-0.0881043
0.0871	-0.06549	-0.2905	-0.0738978
0.0342	-0.053733	-0.3709	-0.0279717
-0.0093	-0.0653865	-0.4373	-0.041268
-0.0649	-0.03661	-0.5207	0.0040263
-0.1233	-0.0239455	-0.5884	-0.0108141
-0.1707	-0.037204	-0.6555	0.0020574
-0.23	-0.007518	-0.7228	0.0169986
-0.2913	0.0048945	-0.8073	0.0653643
-0.34	-0.0102415	-0.8573	0.01698
-0.4001	0.019491	-0.9376	0.0895944
-0.4489	0.0072515	-1.0014	0.076563
-0.4966	0.0134785	-1.0758	0.114253
-0.5441	0.021539	-1.132	0.0984252
-0.6029	0.0519495	-1.1838	0.107375
-0.6489	0.037674	-1.2324	0.118539
-0.6922	0.041471	-1.2876	0.148631
-0.734	0.047457	-1.3264	0.135705
-0.7841	0.0723295	-1.3589	0.140495
-0.8218	0.0586425	-1.386	0.146501
-0.8558	0.0603415	-1.4118	0.159963
-0.887	0.0634805	-1.4255	0.152657
-0.9222	0.0795155	-1.432	0.153365
-0.9467	0.067929	-1.4315	0.153588
-0.9669	0.0674475	-1.4212	0.147503
-0.9871	0.074807	-1.3993	0.136589
-0.9993	0.0668675	-1.3738	0.139413
-1.0071	0.064919	-1.3414	0.135178
-1.0115	0.0643845	-1.2906	0.107577
-1.0101	0.058827	-1.2418	0.116497
-1.0047	0.0560025	-1.187	0.109804
-0.9931	0.048416	-1.109	0.0686652
-0.9798	0.048659	-1.0396	0.0851736
-0.9586	0.036688	-0.9659	0.0772827
-0.9341	0.0324785	-0.8863	0.0650874
-0.8878	-0.0078785	-0.795	0.0402264
-0.838	-0.0159645	-0.691	0.0111054
-0.7667	-0.059387	-0.5754	-0.018468
-0.709	-0.038286	-0.4523	-0.0426693
-0.64	-0.063706	-0.3288	-0.0552501
-0.5733	-0.0647035	-0.2067	-0.0655218
-0.5228	-0.0389895	-0.0568	-0.133039
-0.4633	-0.060013	0.0607	-0.0893649
-0.417	-0.039724	0.3032	-0.346194
-0.3619	-0.0603665	0.403	-0.104937
-0.3194	-0.0411895	0.4951	-0.106585
-0.2793	-0.040285	0.5609	-0.0721887
-0.2405	-0.0413985	0.6386	-0.10868
-0.1937	-0.060446	0.6974	-0.0879927
-0.149	-0.061285	0.7629	-0.114779
-0.1164	-0.042835	0.8098	-0.094215
-0.0866	-0.040938	0.8598	-0.113533
-0.0518	-0.053855	0.8933	-0.0958929
-0.0256	-0.041391	0.9203	-0.0957156
-0.0018	-0.039918	0.9414	-0.0961002
0.0202	-0.039419	0.9565	-0.0957207
0.0455	-0.0486225	0.9655	-0.0945102
0.0639	-0.03873	0.968	-0.0918222
0.0837	-0.0440445	0.9629	-0.0861963
0.1007	-0.041548	0.9516	-0.0822447
0.1121	-0.0333965	0.929	-0.0675537
0.1215	-0.031532	0.9047	-0.06972
0.1315	-0.0344695	0.8679	-0.0506151
0.1382	-0.0300245	0.8334	-0.0581157
0.157	-0.0548455	0.7876	-0.0393681
0.1909	-0.087048	0.7594	-0.0744987
0.2277	-0.0978225	0.7392	-0.0931275
0.2667	-0.107796	0.7234	-0.105662
0.2952	-0.093792	0.704	-0.10319
0.3118	-0.075923	0.6769	-0.0921702
0.317	-0.057612	0.6422	-0.080106
0.3148	-0.045602	0.6004	-0.0677136
0.3084	-0.038816	0.5523	-0.0555723
0.299	-0.033783	0.4846	-0.0165297
0.2871	-0.0292905	0.426	-0.0297117
0.2731	-0.025196	0.3663	-0.0238644
0.2533	-0.0136465	0.305	-0.0163734
0.2316	-0.0087805	0.2424	-0.008703
0.2096	-0.0066485	0.1631	0.0294051
0.1924	-0.0141865	0.0996	0.0076887
0.1719	-0.006646	0.0243	0.037746
0.156	-0.013798	-0.033	0.012519
0.1371	-0.0068155	-0.086	0.011913
0.1226	-0.0136085	-0.1359	0.0135441
0.1057	-0.007789	-0.1943	0.0376008
0.0928	-0.013905	-0.2377	0.0179481
0.0917	-0.0354715	-0.2766	0.0170055
0.1145	-0.0818	-0.3192	0.0316503
0.1512	-0.11198	-0.3437	0.0051036
0.1797	-0.101539	-0.3379	-0.0470913
0.1928	-0.0763545	-0.3172	-0.0735405
0.1972	-0.0622085	-0.2978	-0.0708483
0.1947	-0.050462	-0.2802	-0.0671985
0.184	-0.035338	-0.2718	-0.0492003
0.1661	-0.0210605	-0.2681	-0.0387714
0.1483	-0.019846	-0.2705	-0.0250689
0.1238	-0.005465	-0.2773	-0.0138372
0.1029	-0.0099515	-0.2867	-0.0054489
0.0769	0.001964	-0.2948	-0.0041637
0.0515	0.0036745	-0.3023	-0.001623
0.028	0.0029345	-0.3103	0.0030297
0.0076	-0.0002355	-0.3153	0.0010674
-0.0096	-0.0038835	-0.3183	0.0006921
-0.021	-0.0128505	-0.3192	-0.0001071
-0.0329	-0.010358	-0.3177	-0.0017478
-0.0432	-0.011786	-0.3115	-0.0081483
-0.046	-0.02472	-0.3049	-0.0069162
-0.0185	-0.0824675	-0.2967	-0.0081099
0.0176	-0.102368	-0.2871	-0.009198
0.049	-0.0979205	-0.2612	-0.0392952
0.0766	-0.0947755	-0.2167	-0.0761649
0.0898	-0.0708885	-0.1628	-0.0980877
0.0886	-0.0452675	-0.1135	-0.0947022
0.0751	-0.021883	-0.0627	-0.102934
0.0582	-0.014026	-0.0258	-0.0821097
0.0334	0.003003	-0.0071	-0.0515298
0.0065	0.0099785	0.0031	-0.0374817
-0.0144	0.0017585	0.0074	-0.0274443
-0.0334	0.0007855	0.0046	-0.0143697
-0.0544	0.0071775	-0.0009	-0.0088416
-0.0691	-0.002053	-0.0078	-0.0054234
-0.0836	-0.000255	-0.0167	-0.0006051
-0.0926	-0.008612	-0.0234	-0.0035505
-0.0993	-0.0114515	-0.0301	-0.0024756
-0.106	-0.0101175	-0.0339	-0.0069345
-0.1104	-0.0131775	-0.0361	-0.0092256
-0.0805	-0.078103	-0.0369	-0.0113175
0.012	-0.201943	-0.0364	-0.0133899
0.105	-0.214528	-0.0344	-0.0160203
0.1595	-0.152566	0.024	-0.124764
0.1945	-0.122638	0.0255	-0.0227538
0.1999	-0.0710055	0.0821	-0.129465
0.1886	-0.0405325	0.1673	-0.192674
0.1567	-0.000408	0.2241	-0.150387
0.1222	0.007801	0.2689	-0.136583
0.0754	0.03518	0.2838	-0.0871056
0.0283	0.0412305	0.2818	-0.0589818
-0.0058	0.0219515	0.267	-0.0365688
-0.0404	0.0272055	0.2427	-0.0187371
-0.067	0.0163325	0.2117	-0.0048624
-0.0847	0.00286	0.1672	0.0232728
-0.0928	-0.012984	0.1202	0.032331
-0.0927	-0.0272925	0.0847	0.0151287
-0.0575	-0.094409	0.0535	0.0106512
-0.0147	-0.113152	0.026	0.0070572
0.0129	-0.089168	0.0021	0.0034263
0.0325	-0.0772825	-0.0229	0.0086124
0.0369	-0.050635	-0.0367	-0.0095613
0.0292	-0.028077	-0.0189	-0.0684072
0.0096	-0.004353	0.0058	-0.0838434
-0.0112	0.000359	0.0269	-0.0801375
-0.0391	0.0166825	0.0414	-0.0703701
-0.0613	0.009393	0.049	-0.0593031
-0.0811	0.0078545	0.0451	-0.038541
-0.0982	0.0055375	0.0306	-0.0179964
-0.1123	0.002391	0.0132	-0.0108072
-0.1255	0.0029825	-0.0067	-0.0038589
-0.1229	-0.025155	-0.0334	0.0118857
-0.0344	-0.190223	-0.0547	0.005214
0.0658	-0.223636	-0.074	0.004596
0.1288	-0.16488	-0.0908	0.0029292
0.1721	-0.135476	-0.105	0.0008982
0.1809	-0.075337	-0.1156	-0.0032694
0.1642	-0.028254	-0.0784	-0.0930678
0.134	-0.001	-0.0008	-0.175093
0.0952	0.01866	0.0699	-0.171786
0.0406	0.053449	0.1237	-0.148935
-0.0146	0.061226	0.1628	-0.128632
-0.0617	0.0526065	0.1718	-0.0770784
-0.09	0.0226125	0.1569	-0.0336825
-0.1126	0.0156275	0.1285	-0.007131
-0.1234	-0.0036995	0.0905	0.0138945
-0.1246	-0.0202125	0.0362	0.0494247
-0.1197	-0.031182	-0.008	0.0366207
-0.1129	-0.0348535	-0.0568	0.0512679
-0.1038	-0.0395665	-0.0892	0.0264387
-0.0972	-0.0353725	-0.1184	0.0252483
-0.0922	-0.0326315	-0.1335	0.0028818
0.088	-0.370055	-0.1415	-0.0076647
0.0492	0.0285545	-0.1435	-0.0169332
0.1557	-0.246544	-0.1404	-0.0252216
0.244	-0.2256	-0.133	-0.0326526
0.289	-0.154505	-0.1259	-0.0318315
0.302	-0.099975	-0.119	-0.0312285
0.2832	-0.041895	0.1192	-0.477225
0.2326	0.020254	-0.0426	0.262574
0.178	0.033116	0.045	-0.197263
0.105	0.074471	0.1492	-0.24099
0.0476	0.053041	0.221	-0.193275
-0.0128	0.065753	0.2634	-0.147813
-0.0043	-0.0592655	0.2784	-0.102799
0.0334	-0.116517	0.2642	-0.0509127
0.0799	-0.138336	0.2311	-0.0150006
0.1074	-0.107973	0.1717	0.0379221
0.1211	-0.0853825	0.0999	0.067959
0.1217	-0.062483	0.0424	0.0487374
0.1106	-0.040644	-0.0077	0.0414987
0.0825	-0.0070845	-0.0154	-0.0337587
0.0519	0.000828	0.0135	-0.103228
0.0091	0.0278785	0.044	-0.110164
-0.0259	0.018168	0.0734	-0.112373
-0.0843	0.0677175	0.0861	-0.0846117
0.0827	-0.358456	0.0786	-0.0480591
0.2278	-0.337587	0.0595	-0.0254226
0.3133	-0.242134	0.032	-0.0072906
0.3589	-0.17758	-0.0007	0.0059997
0.3425	-0.0657245	-0.0449	0.0324078
0.2937	-0.003017	-0.0805	0.0219243
0.2058	0.076882	-0.0731	-0.0557058
0.1246	0.073943	0.0484	-0.276101
0.0269	0.115233	0.1804	-0.312465
-0.0431	0.073988	0.2571	-0.224443
-0.0997	0.0571585	0.2972	-0.16605
-0.1434	0.0398995	0.2887	-0.080148
-0.1805	0.033374	0.2365	0.0026475
-0.1996	0.004264	0.1513	0.0709098
-0.2022	-0.024113	0.0722	0.068772
-0.1928	-0.045877	-0.005	0.074661
-0.1809	-0.0509005	-0.0762	0.0730908
-0.166	-0.0572585	-0.1524	0.0926064
-0.1613	-0.038656	-0.2005	0.0496029
-0.0529	-0.238059	-0.2401	0.0412158
0.0726	-0.284262	-0.2575	0.0056613
0.1739	-0.253728	-0.2555	-0.0271992
0.2495	-0.217787	-0.2385	-0.0540927
0.2663	-0.115295	-0.2135	-0.0695712
0.2388	-0.033449	-0.1872	-0.0733824
0.1647	0.0584995	-0.1051	-0.182729
0.0867	0.074446	0.0643	-0.360775
0.0543	-0.0040175	0.2092	-0.335946
0.1388	-0.225271	0.2947	-0.241938
0.2466	-0.281381	0.302	-0.104772
0.3093	-0.209271	0.2162	0.0711579
0.3365	-0.150317	0.0563	0.223219
0.3251	-0.081095	-0.0001	0.0436881
0.2689	0.0049445	0.0833	-0.21871
0.2007	0.033725	0.2138	-0.321074
0.1006	0.102654	0.2982	-0.250906
-0.0028	0.121016	0.3242	-0.151823
-0.0764	0.07659	0.2878	-0.0377256
0.0194	-0.239923	0.1784	0.105197
0.1833	-0.383087	0.056	0.142781
0.3286	-0.368687	-0.0631	0.151701
0.4305	-0.304947	-0.0713	-0.0462936
0.4828	-0.224357	0.1212	-0.431744
0.4834	-0.133786	0.3216	-0.472907
0.4209	-0.0148105	0.4662	-0.394015
0.3354	0.0351725	0.5152	-0.232451
0.3078	-0.0672745	0.4434	-0.010386
0.3339	-0.168736	0.2971	0.138596
0.3558	-0.165583	0.2161	0.0288312
0.3461	-0.109269	0.2126	-0.112162
0.3008	-0.0412575	0.209	-0.113431
0.2424	-0.0118815	0.1942	-0.093243
0.1723	0.016729	0.1546	-0.0452424
0.0956	0.037335	0.0936	-0.0002448
-0.0022	0.087062	0.0176	0.0357168
-0.0953	0.0902505	-0.0655	0.0590583
-0.1727	0.072142	-0.1451	0.0636162
-0.2189	0.0226205	-0.2254	0.0765408
-0.0937	-0.300455	-0.2727	0.0252711
0.239	-0.715074	-0.1568	-0.280986
0.4816	-0.584414	0.2551	-0.86551
0.7309	-0.630045	0.5651	-0.724376
0.7941	-0.306619	0.8035	-0.631335
0.7697	-0.149859	0.8346	-0.269438
0.6531	0.026827	0.7094	0.020541
0.5148	0.079909	0.4778	0.235553
0.3615	0.123498	0.2041	0.34234
0.2417	0.076365	0.0479	0.149153
0.2025	-0.0650235	-0.0181	-0.0051243
0.1831	-0.099251	-0.0374	-0.0865317
0.1575	-0.0858065	-0.036	-0.123636
0.1272	-0.0743465	-0.0352	-0.122335
0.0878	-0.0536775	-0.0441	-0.10341
0.0267	-0.007419	-0.0473	-0.11286
-0.0596	0.048595	0.2356	-0.663909
0.1636	-0.536107	0.4697	-0.608388
0.3418	-0.4782	0.6135	-0.468626
0.4986	-0.460989	0.6127	-0.213764
0.5508	-0.281727	0.5484	-0.0966834
0.5094	-0.110826	0.3803	0.106906
0.3871	0.0475345	0.1561	0.233385
0.2558	0.0782115	-0.1316	0.383393
0.0819	0.17535	-0.303	0.197348
-0.0547	0.124876	-0.4806	0.234146
-0.2032	0.165132	-0.5533	0.0590295
-0.3029	0.09077	-0.4049	-0.353114
-0.3813	0.0637445	-0.0301	-0.805339
-0.4377	0.033101	0.2584	-0.686945
-0.3199	-0.292995	0.4571	-0.553263
-0.1357	-0.433941	0.5192	-0.319508
0.1066	-0.56813	0.4284	-0.0372474
0.211	-0.333493	0.2389	0.161002
0.2469	-0.215735	-0.045	0.365395
0.1996	-0.0612975	-0.2745	0.297486
0.0926	0.0585395	-0.4308	0.188359
-0.0469	0.134014	-0.423	-0.10415
-0.1916	0.161696	-0.3721	-0.184489
-0.2968	0.104704	-0.2799	-0.267374
-0.4004	0.116258	-0.2116	-0.230645
-0.3986	-0.071685	-0.1988	-0.130492
-0.3487	-0.162509	-0.226	-0.0531942
-0.3064	-0.152373	-0.124	-0.296878
-0.2719	-0.141114	-0.0145	-0.323388
-0.262	-0.096712	0.0308	-0.213541
-0.2722	-0.057947	-0.0242	-0.0261831
-0.3051	-0.0116135	-0.1363	0.0912756
-0.2672	-0.142265	-0.2773	0.162711
-0.1493	-0.299667	-0.4744	0.291613
-0.0535	-0.271115	-0.5652	0.116256
-0.0136	-0.175215	-0.6343	0.0911964
-0.0149	-0.100825	-0.6394	-0.017637
-0.0624	-0.011653	-0.5948	-0.107096
-0.1239	0.0215465	-0.5328	-0.141061
-0.2138	0.0845235	-0.3902	-0.299741
-0.2888	0.0681475	-0.2165	-0.374616
-0.3577	0.067224	-0.0657	-0.350901
-0.4186	0.062225	-0.0193	-0.168375
-0.4813	0.0753955	-0.0529	-0.0198672
-0.527	0.0529145	-0.1513	0.109942
-0.5528	0.0229545	-0.2835	0.189198
-0.5597	-0.007439	-0.4436	0.262622
-0.5127	-0.107535	-0.5668	0.216088
-0.3726	-0.290065	-0.5676	0.000972
-0.2647	-0.243729	-0.4472	-0.227611
-0.185	-0.201608	-0.2966	-0.297374
-0.1357	-0.152125	-0.1576	-0.291755
-0.1133	-0.105827	-0.0512	-0.245383
-0.1236	-0.045113	-0.0283	-0.0975759
-0.1659	0.0183925	-0.0882	0.0594459
-0.2304	0.0672445	-0.1826	0.134517
-0.287	0.0612515	-0.2833	0.160491
-0.3395	0.061869	-0.3513	0.112953
-0.381	0.048954	-0.4102	0.107332
-0.3265	-0.128753	-0.4403	0.0630672
-0.2421	-0.191491	-0.4316	-0.0039324
-0.1686	-0.179848	-0.3958	-0.0534462
-0.131	-0.119085	-0.34	-0.0930822
-0.1155	-0.0805875	-0.2368	-0.188655
-0.1228	-0.0380575	-0.0572	-0.347212
-0.1527	0.006974	0.0662	-0.261456
-0.1874	0.020715	0.1333	-0.169368
-0.235	0.050822	0.1346	-0.0522951
-0.2725	0.0385045	0.0817	0.0508776
-0.3117	0.047827	-0.0244	0.159589
-0.3356	0.024833	-0.1191	0.151505
-0.3537	0.0183335	-0.1968	0.132
-0.3596	-0.0011205	-0.237	0.0714573
-0.3586	-0.0118675	-0.258	0.0417393
-0.3496	-0.0255995	-0.2439	-0.0209376
-0.3205	-0.063669	-0.2071	-0.0643497
-0.2254	-0.192754	-0.1684	-0.0708981
-0.1145	-0.233929	-0.1182	-0.0965583
-0.0445	-0.168487	-0.0727	-0.092904
0.0085	-0.144289	-0.0389	-0.0755499
0.0062	-0.0445045	-0.0208	-0.0492747
-0.0336	0.0279395	-0.0184	-0.0211371
-0.0824	0.0504075	-0.0318	0.0091971
-0.1484	0.0900295	-0.0514	0.0231717
-0.1984	0.0682215	-0.1321	0.144025
-0.2392	0.0577535	0.5838	-1
-0.2697	0.044222	0.3004	0.449027
-0.2927	0.0349455	0.3631	-0.184745
-0.2991	0.007329	0.5274	-0.392088
-0.2928	-0.014823	0.7671	-0.563476
-0.2789	-0.0287765	0.8994	-0.394126
-0.2552	-0.0479845	0.9249	-0.21327
-0.2339	-0.045051	0.8485	-0.0283188
-0.2134	-0.045004	0.6572	0.195542
-0.1909	-0.0503495	0.5008	0.146983
-0.1763	-0.037	0.2769	0.292859
-0.1658	-0.030051	0.1197	0.190586
-0.158	-0.025337	-0.0037	0.144587
-0.1549	-0.0164745	-0.0485	0.0089196
-0.2527	0.178145	-0.0263	-0.114108
0.5167	-1	0.01	-0.143934
0.2468	0.424168	0.0661	-0.186901
0.2789	-0.124679	0.096	-0.144193
0.4338	-0.366476	0.0926	-0.084678
0.638	-0.48291	0.0541	-0.0173649
0.7623	-0.357817	-0.0231	0.061767
0.8355	-0.278799	-0.0844	0.0412626
0.8256	-0.132159	-0.1856	0.126897
0.7676	-0.042457	-0.2448	0.0606042
0.6539	0.0681775	-0.2817	0.0274275
0.5428	0.0741155	-0.2881	-0.0241116
0.399	0.148236	-0.2798	-0.0490494
0.2625	0.150164	-0.2567	-0.0761511
0.149	0.121639	-0.2352	-0.0737343
0.067	0.074444	-0.22	-0.0622383
0.0242	0.008899	-0.2149	-0.0427362
-0.0021	-0.0176345	-0.2252	-0.0117534
-0.0209	-0.028774	-0.2438	0.0076128
-0.0307	-0.0436445	-0.2713	0.0293745
-0.0361	-0.050736	-0.2929	0.0239826
-0.0402	-0.052383	-0.3054	0.0118512
-0.0463	-0.0478195	-0.314	0.0086892
-0.0586	-0.0348905	-0.3125	-0.0068583
-0.0766	-0.0220875	-0.3033	-0.0190926
-0.0948	-0.0190695	-0.2843	-0.0364539
-0.1204	-0.0020755	-0.2609	-0.0448338
-0.1481	0.005769	-0.2459	-0.0293007
-0.1698	-0.001578	-0.2303	-0.03018
-0.1896	-0.001674	-0.2182	-0.0233682
-0.2075	-0.0019085	-0.2066	-0.0220008
-0.2233	-0.002676	-0.2009	-0.0102567
-0.24	0.002148	-0.1981	-0.0035898
-0.2529	-0.0018795	-0.1958	-0.0012036
-0.2613	-0.007665	-0.1921	-0.0024387
-0.2651	-0.0141635	-0.1838	-0.0100605
-0.2655	-0.018908	-0.1731	-0.0141066
-0.2631	-0.0229205	-0.1595	-0.0195231
-0.2604	-0.0224825	-0.1404	-0.0304515
-0.2575	-0.021903	-0.1197	-0.0347382
-0.2548	-0.020593	-0.1005	-0.0334377
-0.2517	-0.0204265	-0.0854	-0.0271011
-0.2492	-0.0184005	-0.0768	-0.0157419
-0.2477	-0.015542	-0.1002	0.0455679
-0.2464	-0.014106	-0.3748	0.534053
-0.245	-0.013229	0.7168	-1
-0.243	-0.013334	0.1257	1
-0.2403	-0.0137165	0.3476	-0.457046
-0.2375	-0.013045	0.6137	-0.574061
-0.2341	-0.0133625	0.9389	-0.727915
-0.2301	-0.013772	1.1481	-0.554552
-0.2254	-0.014469	1.1749	-0.240022
-0.22	-0.015277	0.9868	0.160489
-0.2123	-0.0192795	0.6953	0.375331
-0.2038	-0.0207205	0.4902	0.240011
-0.1951	-0.021149	0.2353	0.358121
-0.1882	-0.017796	0.0639	0.227814
-0.1817	-0.0169475	-0.0033	0.048348
-0.1752	-0.0168515	0.0068	-0.0920652
-0.1688	-0.0165955	0.0589	-0.174447
-0.1624	-0.0165515	0.1143	-0.188064
-0.1542	-0.0200045	0.1716	-0.199904
-0.1475	-0.017371	0.1758	-0.106411
-0.1411	-0.0168935	0.1541	-0.0585735
-0.1331	-0.020068	0.1592	-0.108858
-0.1267	-0.0173225	0.1845	-0.149915
-0.1189	-0.020184	0.1957	-0.12764
-0.1114	-0.019987	0.1695	-0.0587016
-0.1043	-0.0195975	0.0978	0.0309222
-0.0991	-0.016306	-0.0072	0.103527
-0.0931	-0.0180005	-0.1176	0.127553
-0.1483	0.099525	-0.1924	0.074181
-0.4002	0.485814	-0.2485	0.0494895
0.6421	-1	-0.2697	-0.0083592
0.0655	1	-0.2699	-0.0437061
0.2296	-0.343248	-0.1198	-0.33118
0.4563	-0.485413	0.0652	-0.416787
0.6846	-0.519112	0.1637	-0.27438
0.8462	-0.422675	0.1814	-0.132697
0.9144	-0.267311	0.1273	0.0018897
0.8342	0.0052615	0.0241	0.102437
0.6641	0.184173	-0.1253	0.204652
0.5016	0.187485	-0.2618	0.200169
0.3574	0.170062	-0.3371	0.102079
0.2257	0.162238	-0.3675	0.0282141
0.144	0.0813215	-0.3565	-0.0444174
0.1148	-0.0102485	-0.2268	-0.2716
0.1184	-0.0703125	0.0391	-0.54902
0.1402	-0.106389	0.2529	-0.483172
0.1544	-0.0951855	0.3246	-0.238918
0.1599	-0.080985	0.2677	-0.0030189
0.1453	-0.0437795	0.2511	-0.0758268
0.12	-0.0220835	0.4298	-0.452679
0.1347	-0.096521	0.5218	-0.312355
0.2169	-0.228969	0.5325	-0.172092
0.2888	-0.220501	0.4591	-0.0160356
0.298	-0.110235	0.2866	0.180465
0.2465	0.003972	0.1408	0.148634
0.1506	0.094647	0.0146	0.128366
0.0395	0.135142	0.2717	-0.594871
-0.041	0.0899265	0.5711	-0.712079
-0.0992	0.0572665	0.782	-0.585125
-0.1368	0.0253825	0.8825	-0.406407
-0.1448	-0.0262135	1.0895	-0.632753
-0.0712	-0.181569	1.4875	-1
0.1109	-0.399276	1.6853	-0.716244
0.2628	-0.364458	1.6028	-0.216229
0.3171	-0.196879	1.241	0.318758
0.2667	-0.003705	0.7328	0.636667
0.1899	0.0520815	0.2186	0.707203
0.0726	0.138695	0.1129	-0.0164289
-0.0464	0.156267	0.2116	-0.398097
-0.151	0.143654	0.3423	-0.474462
-0.228	0.104354	0.4763	-0.500769
-0.2735	0.054481	0.4726	-0.256718
-0.2901	0.0059035	0.5078	-0.335532
-0.2836	-0.0350385	0.5961	-0.447073
-0.1244	-0.32838	0.5995	-0.300057
0.0724	-0.420038	0.4636	-0.0371811
0.2622	-0.431525	0.2604	0.105999
0.3389	-0.238844	-0.0269	0.292097
0.3183	-0.0628235	-0.2595	0.223885
0.2935	-0.053755	-0.4487	0.172507
0.4542	-0.40921	-0.3532	-0.348234
0.5833	-0.370739	-0.1698	-0.526934
0.6169	-0.205955	0.0321	-0.584751
0.5568	-0.032867	0.1177	-0.386742
0.3483	0.257532	0.0692	-0.140165
0.2239	0.11996	-0.0373	-0.0226491
0.0978	0.137663	-0.222	0.142273
0.2982	-0.475576	-0.4351	0.222881
0.6032	-0.703472	-0.6233	0.206254
0.8361	-0.60582	-0.7744	0.164576
0.9866	-0.480494	-0.8552	0.0554289
0.9877	-0.216644	-0.902	0.0079629
1.248	-0.72068	-0.913	-0.0469401
1.4521	-0.651272	-0.9087	-0.0668178
1.6411	-0.654978	-0.8997	-0.0682605
1.6108	-0.264656	-0.8929	-0.0570804
1.4601	-0.0371525	0.8563	-1
1.1988	0.187289	-0.6652	1
0.9076	0.271516	-0.5792	-0.233791
0.6689	0.202315	-0.5337	-0.161548
0.7561	-0.398549	-0.5233	-0.0949065
0.9359	-0.591485	-0.5552	-0.0099417
1.042	-0.476767	-0.5995	0.0230898
1.0521	-0.310439	-0.6805	0.104994
0.9706	-0.140632	-0.7357	0.0717996
0.8034	0.0296745	-0.8024	0.107725
0.6594	0.0018975	-0.8444	0.0759048
0.6962	-0.33144	-0.8547	0.0277731
0.7362	-0.34568	-0.8385	-0.0143244
0.7239	-0.253684	-0.8059	-0.0405033
0.6366	-0.111391	-0.7656	-0.0523089
0.4886	0.013186	-0.7246	-0.0519675
0.3113	0.0856455	-0.6866	-0.0449481
0.1327	0.108754	-0.6478	-0.0452139
-0.0032	0.048218	-0.6263	-0.0110172
0.0139	-0.229303	-0.6046	-0.0085398
0.1697	-0.498508	-0.5822	-0.007248
0.289	-0.448569	-0.5672	0.0093768
0.3137	-0.282821	-0.5478	0.004059
0.2275	-0.073995	-0.5203	-0.0091383
0.1046	0.00629	-0.4984	0.0027993
-0.0437	0.0700245	-0.4593	-0.028719
-0.2266	0.155386	-0.4135	-0.0425535
-0.3423	0.050021	-0.3684	-0.0433899
-0.4714	0.09199	-0.3343	-0.0246732
-0.5334	-0.018683	-0.2955	-0.0351297
-0.5793	-0.0392585	-0.2665	-0.0185712
-0.6176	-0.0452545	-0.2268	-0.040554
-0.6653	-0.019284	-0.1966	-0.0253086
-0.7079	-0.0198125	-0.1755	-0.0098811
-0.7597	0.006762	-0.1524	-0.0148815
-0.8029	0.0004805	-0.1344	-0.0066519
-0.851	0.0193275	-0.112	-0.0162519
-0.8748	-0.0171825	-0.0839	-0.0291288
-0.7822	-0.233903	-0.0597	-0.0244755
-0.666	-0.286997	-0.0368	-0.0245523
-0.5568	-0.284718	-0.0116	-0.0316119
-0.5134	-0.168918	0.004	-0.0162399
-0.5136	-0.0878465	0.0212	-0.0213747
-0.5475	-0.020381	0.0368	-0.0206979
-0.6052	0.032409	-0.1093	0.288878
-0.688	0.090965	-0.079	-0.0315672
-0.7537	0.0718375	-0.2357	0.325958
-0.8053	0.056676	-0.3939	0.351187
-0.842	0.03847	-0.4513	0.180697
-0.8645	0.0199325	-0.4484	0.0758445
-0.8741	0.002235	-0.375	-0.0564885
-0.8729	-0.0129845	-0.2927	-0.0797502
-0.8613	-0.02879	-0.4523	0.378892
-0.847	-0.031131	-0.5825	0.346839
-0.8319	-0.0302235	-0.7086	0.360968
-0.8178	-0.0260265	-0.7285	0.178753
-0.8056	-0.0200425	-0.6668	0.0304701
-0.7952	-0.0140745	-0.493	-0.187729
-0.7877	-0.005816	-0.302	-0.238891
-0.7769	-0.0091675	-0.1153	-0.252517
-0.7689	-0.001243	-0.2946	0.43045
-0.7577	-0.0045585	-0.6395	0.775674
-0.744	-0.0069825	-0.9508	0.761107
-0.7241	-0.01691	-1.131	0.55693
-0.7046	-0.015007	-1.222	0.418288
-0.6749	-0.0335565	-1.2392	0.298665
-0.6495	-0.025617	-1.4969	0.775961
-0.6186	-0.036132	-1.6607	0.641543
-0.5948	-0.023234	-1.7054	0.447876
-0.5672	-0.03055	-1.5546	0.0918711
-0.5464	-0.018074	-1.265	-0.181336
-0.5223	-0.0242945	-0.8901	-0.371853
-0.504	-0.0135305	-0.768	0.075447
-0.4777	-0.028698	-0.8412	0.443342
-0.4563	-0.0201645	-0.9097	0.451289
-0.4443	-0.002463	-0.9102	0.337141
-0.4211	-0.0233015	-0.7841	0.101186
-0.4044	-0.0115835	-0.5856	-0.0476838
-0.3789	-0.028589	-0.3351	-0.168328
-0.3658	-0.006012	-0.1165	-0.136091
-0.3446	-0.021413	-0.0157	0.0639939
-0.3227	-0.0236875	0.0641	0.091641
-0.3052	-0.0163415	0.1416	0.0852066
-0.2841	-0.023933	0.2616	-0.0080478
-0.2673	-0.0168725	0.3856	-0.0335982
-0.2468	-0.0247585	0.4882	-0.011784
-0.2436	0.0072155	0.4716	0.200524
-0.3197	0.160686	0.4605	0.187811
-0.4912	0.355442	0.4944	0.0982935
-0.6343	0.324666	0.5731	0.0030516
-0.7113	0.218482	0.7185	-0.140923
-0.7138	0.088251	0.8664	-0.170968
-0.6539	-0.0279875	0.9257	-0.0269358
-0.5758	-0.0672405	0.9597	0.0058869
-0.5783	0.081031	0.9831	0.013311
-0.7113	0.335448	1.0057	0.0029877
-0.8566	0.379307	1.0307	-0.0136086
-0.9381	0.278937	1.059	-0.0324756
-0.9424	0.145205	1.0954	-0.0612822
-0.8844	0.030527	1.13	-0.0723642
-0.799	-0.025046	1.152	-0.0626922
-0.6938	-0.069841	1.1652	-0.058923
-0.5768	-0.102237	1.1652	-0.0456498
-0.3959	-0.236985	1.1549	-0.0362679
-0.5063	0.303134	1.1276	-0.0125403
-0.8221	0.714861	1.0799	0.0201846
-1.1019	0.689146	1.0451	-0.0082653
-1.2818	0.537323	1.0041	-0.0012222
-1.3304	0.313467	0.965	-0.0086352
-1.2655	0.107707	0.9211	-0.0030171
-1.3625	0.417579	0.8807	-0.0123954
-1.5636	0.636909	0.8503	-0.0344001
-1.6574	0.463312	0.8219	-0.0419892
-1.6515	0.291402	0.7924	-0.0436008
-1.4939	0.006899	0.7595	-0.0403683
-1.2832	-0.107549	0.747	-0.0823113
-1.086	-0.101483	0.775	-0.165546
-1.1346	0.352462	0.8041	-0.178255
-1.2766	0.544005	0.7996	-0.124432
-1.3641	0.463226	0.7707	-0.0839799
-1.3419	0.269811	0.7221	-0.0491868
-1.2221	0.0858655	0.6198	0.054171
-1.0372	-0.0483165	0.5374	0.0234024
-0.768	-0.22852	0.4126	0.110985
-0.537	-0.184795	0.333	0.03618
-0.4068	-0.0169455	0.2342	0.0804882
-0.3802	0.168244	0.171	0.0224532
-0.3499	0.159697	0.1352	-0.0237876
-0.2992	0.118389	0.1025	-0.0263661
-0.2174	0.05368	0.0834	-0.0493047
-0.0849	-0.0530555	0.0716	-0.0616731
0.0718	-0.115778	0.0614	-0.0638817
0.1322	0.0496525	0.0438	-0.0488439
0.1116	0.197367	0.0177	-0.0305712
0.1016	0.178979	0.131	-0.296266
0.1422	0.0823155	0.2159	-0.257277
0.2173	0.010117	0.3417	-0.349069
0.3179	-0.0494445	0.3993	-0.236814
0.4305	-0.086709	0.3928	-0.124189
0.4977	-0.0155415	0.3324	-0.0229131
0.5382	0.0249675	0.1794	0.160512
0.5783	0.017984	-0.0142	0.256952
0.6247	-0.0020475	-0.1411	0.15339
0.6895	-0.046391	-0.0159	-0.315271
0.7478	-0.045426	0.1966	-0.49968
0.8039	-0.0522175	0.409	-0.528669
0.8553	-0.054202	0.4804	-0.287761
0.9091	-0.0695235	0.45	-0.104923
0.9523	-0.060389	0.3816	-0.0317493
0.9733	-0.0278155	0.2224	0.148793
0.9933	-0.033382	0.031	0.229442
1.0048	-0.024486	-0.1559	0.245173
1.0063	-0.0116975	-0.3102	0.207801
0.9975	0.002911	-0.4137	0.132504
0.9842	0.007686	-0.2197	-0.424298
0.9735	-0.0005775	0.5928	-1
0.968	-0.0141175	1.4119	-1
0.9678	-0.0284725	2.1061	-1
0.9707	-0.039254	2.5255	-1
0.9725	-0.0423525	2.7507	-0.921389
0.9722	-0.0433975	2.7711	-0.580137
0.9679	-0.040521	2.5989	-0.236183
0.9588	-0.035583	2.3346	-0.0596988
0.9444	-0.029037	1.8303	0.416345
0.9452	-0.061219	1.4401	0.244828
0.9897	-0.150167	0.9523	0.470473
1.0238	-0.140659	0.4207	0.609319
1.0454	-0.125978	0.0654	0.334026
1.0403	-0.082507	-0.1538	0.116734
1	-0.019311	0.0088	-0.590097
0.9557	-0.0115735	0.4379	-1
0.8759	0.057523	1.0256	-1
0.8186	0.019806	1.4595	-1
0.7394	0.065033	1.99	-1
0.692	0.010021	2.2335	-1
0.6351	0.0307735	2.3811	-0.933521
0.591	0.0100705	2.279	-0.49232
0.5654	-0.0229845	1.9063	0.0223269
0.5487	-0.039744	1.5541	0.013704
0.5357	-0.0475225	0.9557	0.520071
0.522	-0.0472285	0.5417	0.232955
0.5048	-0.0413885	-0.0401	0.605172
0.4824	-0.0317525	-0.4669	0.38159
0.4549	-0.021547	-0.7943	0.249107
0.5049	-0.169571	-1.0346	0.130475
0.6162	-0.296348	-1.2154	0.0560091
0.7706	-0.396309	-1.1286	-0.425929
0.8566	-0.287793	-0.9453	-0.613118
0.8949	-0.211003	-0.798	-0.558812
0.8583	-0.0760825	-0.7451	-0.388534
0.786	-0.0070765	-0.8119	-0.157751
0.6605	0.100441	-0.9952	0.082902
0.4865	0.206188	-1.1995	0.156014
0.3706	0.113664	-1.4155	0.215733
0.4711	-0.290272	-1.6146	0.223736
0.6575	-0.470547	-1.6792	0.0045012
0.8127	-0.437075	-1.4971	-0.447937
0.8877	-0.306154	-1.3138	-0.460269
0.8593	-0.120922	-1.188	-0.361173
0.7236	0.084884	-1.0914	-0.310382
0.5553	0.160984	-1.0967	-0.116456
0.3733	0.205617	-1.1512	-0.010995
0.1785	0.251141	-1.2807	0.151071
0.057	0.133495	-1.4056	0.17043
-0.0122	0.0477205	-1.5155	0.170257
0.1138	-0.319329	-1.6093	0.167017
0.6681	-1	-1.6505	0.0921354
1.3923	-1	-1.6523	0.0363021
1.8927	-1	-1.6216	-0.0112875
2.2497	-1	-1.5297	-0.118708
2.4401	-0.757619	-1.2105	-0.555258
2.3862	-0.323342	-0.8606	-0.64476
2.1089	0.101509	-0.5394	-0.62679
1.7098	0.360093	-0.4185	-0.276991
1.3377	0.349456	-0.3813	-0.127363
0.993	0.336535	-0.4538	0.0828807
0.7575	0.164448	-0.5955	0.229804
0.5134	0.206652	-0.7312	0.241869
0.3095	0.157213	-0.8432	0.220238
0.1113	0.17018	-0.913	0.160871
-0.016	0.0579165	-0.9369	0.0895509
0.0327	-0.264891	-0.9003	-0.0156384
0.327	-0.743922	-0.8498	-0.0390702
0.8327	-1	-0.759	-0.115675
1.1827	-0.956943	-0.6626	-0.13136
1.5585	-1	-0.5452	-0.178341
1.711	-0.681187	-0.2593	-0.513615
1.7	-0.394066	0.0875	-0.665639
1.5626	-0.157872	0.2832	-0.419692
1.2519	0.185093	0.3575	-0.213305
0.9906	0.122576	0.3051	0.018297
0.7453	0.119486	0.2168	0.0915618
0.5628	0.0255315	0.0529	0.246834
0.3902	0.0264725	-0.0564	0.162177
0.2224	0.0368565	-0.1658	0.176978
-0.0241	0.208217	-0.2496	0.1432
-0.2186	0.13905	-0.2788	0.0509331
-0.3798	0.100353	-0.27	-0.0160929
-0.5124	0.067347	-0.2352	-0.0649521
-0.6431	0.0828265	-0.1745	-0.117286
-0.6832	-0.0720255	-0.0642	-0.219224
-0.5205	-0.453987	0.199	-0.527819
-0.3093	-0.565084	0.3847	-0.414065
-0.2085	-0.377418	0.4852	-0.277132
-0.1584	-0.291378	0.4922	-0.114102
-0.1758	-0.166911	0.4265	0.0208038
-0.2568	-0.041427	0.3107	0.122084
-0.3801	0.0514095	0.146	0.228554
-0.4699	0.004235	0.0398	0.135639
-0.5775	0.0520745	0.0827	-0.138633
-0.6835	0.065332	0.1705	-0.231523
-0.7415	-0.0104005	0.2747	-0.27602
-0.6087	-0.366733	0.3256	-0.189118
-0.4279	-0.47269	0.3253	-0.0998499
-0.3217	-0.349545	0.2793	-0.0145836
-0.3113	-0.176796	0.2238	0.0071622
-0.3723	-0.039095	0.2082	-0.0646596
-0.4633	0.0281415	0.1976	-0.074166
-0.5885	0.107668	0.1756	-0.0525864
-0.7322	0.161873	0.1392	-0.0235512
-0.8013	0.0398915	0.0907	0.0032325
-0.8743	0.060043	0.0344	0.0237189
-0.9168	0.014827	0.0237	-0.0572904
-0.9483	0.0035485	0.0865	-0.197905
-0.977	0.0068375	0.1593	-0.226075
-1.0006	0.0054925	0.1837	-0.143536
-1.0115	-0.011002	0.1764	-0.0871875
-0.9206	-0.200547	0.1308	-0.0139527
-0.6331	-0.585761	0.0569	0.0453432
-0.4065	-0.501301	-0.0327	0.0846495
-0.2388	-0.414211	-0.1238	0.0993957
-0.1897	-0.205675	-0.2179	0.118049
-0.2073	-0.082466	-0.2822	0.0746646
-0.264	-0.003962	-0.2524	-0.0960198
-0.3754	0.109743	-0.1747	-0.189991
-0.46	0.073955	-0.0627	-0.264607
-0.5187	0.0369725	0.0038	-0.190721
-0.5811	0.054026	0.0249	-0.111757
-0.644	0.065694	0.002	-0.0298275
-0.6854	0.035389	-0.0566	0.0419739
-0.714	0.019351	-0.0646	-0.0475647
-0.7336	0.009171	-0.0367	-0.115202
-0.7409	-0.0083885	-0.0202	-0.0964806
-0.7422	-0.0153215	-0.0205	-0.0660201
-0.7402	-0.0178005	-0.0408	-0.0272169
-0.6548	-0.174894	-0.0774	0.0072117
-0.4851	-0.344573	-0.1346	0.0523671
-0.221	-0.54508	-0.1745	0.0275856
-0.0543	-0.389493	-0.2181	0.0414405
0.0461	-0.282431	-0.258	0.0418905
0.0419	-0.0938565	-0.2787	0.0123228
-0.0202	0.0179165	-0.2744	-0.0307236
-0.0956	0.0513825	-0.189	-0.185251
-0.1892	0.0963205	-0.0961	-0.209034
-0.26	0.0650765	-0.0258	-0.176557
-0.3168	0.0482765	0.0074	-0.113828
-0.3687	0.047528	0.0006	-0.0410175
-0.4035	0.0229415	-0.0523	0.0487812
-0.4215	-0.003031	-0.1101	0.0655281
-0.4262	-0.024276	-0.0752	-0.104843
-0.4256	-0.03176	-0.0542	-0.0818553
-0.4169	-0.0452995	-0.0323	-0.0858126
-0.2562	-0.336902	-0.0308	-0.0489954
-0.13	-0.289296	-0.0495	-0.0099459
0.0101	-0.331179	-0.0783	0.0123948
0.0709	-0.196089	-0.1055	0.0137283
0.0771	-0.098939	-0.1459	0.0436494
0.0409	-0.0184795	-0.1699	0.0185385
-0.0368	0.0657285	-0.1912	0.0179553
-0.1282	0.101998	-0.203	0.0040983
-0.1947	0.066131	-0.2057	-0.0101064
-0.1402	-0.157508	-0.2004	-0.0233388
-0.0466	-0.238887	-0.1895	-0.0330213
0.0369	-0.230911	-0.1463	-0.0950286
0.0891	-0.181281	-0.0509	-0.199978
0.0842	-0.078334	0.0185	-0.161673
0.027	0.022535	0.0856	-0.166355
-0.0616	0.089995	0.1012	-0.0764382
-0.0997	0.0041655	0.0786	-0.0056736
-0.0911	-0.080471	0.0276	0.051318
-0.0709	-0.10342	-0.0237	0.0582273
-0.0593	-0.089036	-0.0839	0.0822264
-0.0635	-0.0597745	-0.0642	-0.0633798
-0.0821	-0.031212		
-0.1116	-0.007494		
-0.0989	-0.0844835		
-0.0265	-0.200499		
0.0475	-0.212496		
0.0774	-0.137091		
0.0769	-0.082696		
0.0495	-0.0312355		
-0.0311	0.074352		
-0.1178	0.096325		
-0.1838	0.067904		
-0.2411	0.0603255		
-0.2708	0.0155635		
			
0.0156950948	-0.0594349036		
