CTE-0.12-0.005-2.1	SteerValue-0.12-0.005-2.1	CTE-0.12-0.003-2.1	SteerValue-0.12-0.003-2.1	CTE-0.12-0.002-2.1	SteerValue-0.12-0.002-2.1	CTE-0.12-0.009-1.8	SteerValue-0.12-0.009-1.8	CTE-0.12-0.005-1.8	SteerValue-0.12-0.005-1.8
0.7598	-1.69056	0.7598	-1.68904	0.7598	-1.68828	0.7598	-1	0.7598	-1
0.7598	-0.098774	0.7598	-0.0957348	0.7598	-0.0942152	0.7598	-0.098774	0.7598	-0.098774
0.7598	-0.102573	0.7598	-0.0980142	0.7598	-0.0957348	0.7598	-0.102573	0.7598	-0.102573
0.7598	-0.106372	0.7599	-0.100516	0.7598	-0.0972544	0.7598	-0.106372	0.7598	-0.106372
0.7599	-0.110393	0.7597	-0.102141	0.7598	-0.098774	0.7597	-0.109979	0.7597	-0.109979
0.7596	-0.113316	0.7593	-0.103951	0.7596	-0.0998492	0.7595	-0.113572	0.7595	-0.113572
0.7592	-0.116853	0.7589	-0.10618	0.7591	-0.100677	0.7592	-0.117152	0.7591	-0.11696
0.7586	-0.120155	0.7582	-0.10774	0.7585	-0.101912	0.7587	-0.120526	0.7586	-0.120513
0.7578	-0.123427	0.757	-0.108817	0.7577	-0.102912	0.758	-0.123871	0.7579	-0.123858
0.7569	-0.126894	0.7555	-0.110274	0.7566	-0.103663	0.7572	-0.127381	0.7571	-0.127367
0.7555	-0.129453	0.7539	-0.112133	0.7555	-0.105042	0.7565	-0.13126	0.756	-0.130476
0.7538	-0.132389	0.7524	-0.114421	0.7539	-0.105308	0.7552	-0.1338	0.7548	-0.133926
0.7521	-0.135945	0.7497	-0.113826	0.7519	-0.105732	0.7537	-0.137029	0.7532	-0.136779
0.7497	-0.137936	0.7475	-0.116854	0.7495	-0.106103	0.7519	-0.140032	0.7514	-0.13996
0.7474	-0.141606	0.7435	-0.114825	0.7459	-0.104642	0.7497	-0.142797	0.7498	-0.143878
0.744	-0.142609	0.7404	-0.118564	0.7422	-0.105473	0.747	-0.145307	0.7467	-0.144539
0.7391	-0.142566	0.7347	-0.114624	0.738	-0.105395	0.7439	-0.147935	0.7437	-0.148078
0.734	-0.145204	0.7302	-0.118795	0.733	-0.104581	0.7393	-0.148379	0.7402	-0.150458
0.7281	-0.146456	0.7224	-0.113096	0.727	-0.103215	0.7349	-0.151886	0.7349	-0.150257
0.7195	-0.143352	0.713	-0.110747	0.7187	-0.0988262	0.7299	-0.153855	0.7312	-0.156349
0.7109	-0.145874	0.7041	-0.112841	0.7106	-0.0996954	0.7226	-0.152453	0.7257	-0.156078
0.6988	-0.140567	0.694	-0.111191	0.7016	-0.0981286	0.7157	-0.155923	0.7193	-0.157286
0.6871	-0.143438	0.6801	-0.103583	0.6893	-0.0911012	0.708	-0.157099	0.712	-0.15835
0.671	-0.135621	0.6641	-0.0992457	0.6777	-0.0925346	0.6993	-0.157752	0.7038	-0.159265
0.6524	-0.131401	0.6495	-0.102382	0.6623	-0.0840312	0.6895	-0.158043	0.692	-0.154829
0.6313	-0.126775	0.6334	-0.0992004	0.648	-0.0859212	0.6786	-0.158148	0.6814	-0.159124
0.6117	-0.130632	0.6119	-0.0871161	0.6292	-0.0754736	0.6632	-0.151516	0.6697	-0.159088
0.5902	-0.127013	0.592	-0.0898641	0.6119	-0.0777714	0.6495	-0.156179	0.6567	-0.158472
0.5663	-0.121937	0.5709	-0.0865248	0.5935	-0.0744404	0.6345	-0.155212	0.6423	-0.157436
0.5344	-0.10398	0.5528	-0.0923112	0.5746	-0.0722716	0.618	-0.153622	0.6223	-0.148067
0.5076	-0.114013	0.548	-0.121309	0.572	-0.107334	0.6	-0.151762	0.6046	-0.153106
0.4908	-0.13545	0.5217	-0.0745683	0.5502	-0.065498	0.5803	-0.14924	0.5856	-0.151414
0.4644	-0.114444	0.478	-0.0342183	0.5209	-0.0472738	0.5533	-0.135626	0.5648	-0.148502
0.4027	-0.034924	0.4655	-0.0996348	0.5126	-0.091403	0.5297	-0.141562	0.5423	-0.145454
0.388	-0.1338	0.4513	-0.0957147	0.5028	-0.0880826	0.5052	-0.139529	0.5179	-0.141695
0.3615	-0.107647	0.434	-0.0884307	0.4867	-0.073894	0.4831	-0.143612	0.4866	-0.127952
0.3339	-0.103695	0.4129	-0.0791574	0.4704	-0.0724588	0.4695	-0.159627	0.4663	-0.147648
0.3028	-0.094127	0.3893	-0.0722433	0.4486	-0.05919	0.4414	-0.132363	0.449	-0.153217
0.2688	-0.085301	0.3583	-0.0540582	0.4285	-0.061205	0.4085	-0.121817	0.4197	-0.130199
0.2246	-0.0597	0.3305	-0.0584337	0.4072	-0.0569434	0.3851	-0.138035	0.3625	-0.0749275
0.1849	-0.0653105	0.3015	-0.0533382	0.3842	-0.0513818	0.3626	-0.138767	0.3378	-0.132153
0.144	-0.0586025	0.2709	-0.0471189	0.3595	-0.0455668	0.3384	-0.134495	0.3138	-0.132102
0.1011	-0.04976	0.2385	-0.0401664	0.328	-0.0281628	0.3118	-0.128543	0.2803	-0.112383
0.056	-0.040008	0.2045	-0.0333399	0.3003	-0.0334194	0.2828	-0.122156	0.2502	-0.116142
0.0092	-0.030868	0.1695	-0.0275484	0.2783	-0.043306	0.2435	-0.100118	0.2182	-0.109973
-0.0391	-0.0217265	0.1336	-0.0217512	0.2497	-0.0265134	0.2096	-0.106818	0.184	-0.102829
-0.0881	-0.013936	0.097	-0.0161802	0.2257	-0.0337448	0.1744	-0.101126	0.1382	-0.077144
-0.1374	-0.006703	0.06	-0.0110802	0.1887	-0.0023822	0.1369	-0.0931705	0.0992	-0.0852
-0.1874	0.001704	0.0227	-0.0060423	0.1571	-0.0102444	0.0871	-0.06549	0.0486	-0.058491
-0.2369	0.0077785	-0.0147	-0.0013002	0.1386	-0.0358116	0.0342	-0.053733	0.0062	-0.068194
-0.2864	0.0151505	-0.0519	0.0028995	0.1017	0.007053	-0.0093	-0.0653865	-0.0482	-0.039825
-0.3349	0.020545	-0.0961	0.0231918	0.0694	0.0011302	-0.0649	-0.03661	-0.0936	-0.050109
-0.3825	0.0262795	-0.1248	-0.0055398	0.0449	-0.0123996	-0.1233	-0.0239455	-0.1512	-0.020481
-0.4281	0.029692	-0.152	-0.0049698	0.0148	0.0029428	-0.1707	-0.037204	-0.1988	-0.031775
-0.4632	0.01417	-0.1865	0.0150597	-0.0153	0.0065854	-0.23	-0.007518	-0.2582	-0.002116
-0.4971	0.0182035	-0.2279	0.0352014	-0.0446	0.0085106	-0.2913	0.0048945	-0.2943	-0.0382525
-0.539	0.0427265	-0.2541	0.0071877	-0.0726	0.0092858	-0.34	-0.0102415	-0.3546	0.0143165
-0.5797	0.047989	-0.2836	0.0185085	-0.0995	0.0104028	-0.4001	0.019491	-0.4044	0.0034145
-0.6171	0.0486325	-0.3173	0.0323244	-0.1248	0.0103284	-0.4489	0.0072515	-0.4528	0.0089665
-0.6439	0.032808	-0.3437	0.0211935	-0.1487	0.0105538	-0.4966	0.0134785	-0.5012	0.0172805
-0.6738	0.046275	-0.3667	0.0179136	-0.1668	0.0008794	-0.5441	0.021539	-0.561	0.0477815
-0.701	0.047374	-0.3872	0.0162852	-0.1879	0.0100872	-0.6029	0.0519495	-0.6081	0.033614
-0.7199	0.0358115	-0.4023	0.0079641	-0.2042	0.0023716	-0.6489	0.037674	-0.6526	0.037537
-0.7432	0.0515635	-0.4225	0.0223656	-0.227	0.0192116	-0.6922	0.041471	-0.7066	0.06465
-0.7589	0.041282	-0.4377	0.0150027	-0.2412	0.003338	-0.734	0.047457	-0.7481	0.0508705
-0.7701	0.0370265	-0.4545	0.0217422	-0.259	0.013552	-0.7841	0.0723295	-0.7867	0.054216
-0.7766	0.0318195	-0.4618	0.0040536	-0.2722	0.0060204	-0.8218	0.0586425	-0.823	0.058547
-0.7794	0.0282825	-0.4679	0.0036693	-0.285	0.0072864	-0.8558	0.0603415	-0.8654	0.078942
-0.7785	0.024297	-0.4655	-0.0130722	-0.29	-0.0079136	-0.887	0.0634805	-0.8963	0.0664315
-0.7743	0.0207345	-0.4539	-0.0324225	-0.2807	-0.0384982	-0.9222	0.0795155	-0.9234	0.0674605
-0.7573	-0.004399	-0.4207	-0.0805044	-0.2635	-0.0566252	-0.9467	0.067929	-0.9415	0.05814
-0.7255	-0.0356675	-0.3889	-0.0802137	-0.2357	-0.0817498	-0.9669	0.0674475	-0.9628	0.07127
-0.6798	-0.0669425	-0.3634	-0.0689535	-0.2064	-0.088003	-0.9871	0.074807	-0.9852	0.080864
-0.6218	-0.0966235	-0.3412	-0.0636639	-0.1861	-0.0711668	-0.9993	0.0668675	-0.9989	0.0718425
-0.5706	-0.0856345	-0.3281	-0.0451416	-0.1766	-0.0492736	-1.0071	0.064919	-1.008	0.0696945
-0.5357	-0.052914	-0.3177	-0.0397665	-0.1721	-0.0389694	-1.0115	0.0643845	-1.0135	0.068942
-0.5078	-0.039023	-0.3109	-0.0320898	-0.1704	-0.0329526	-1.0101	0.058827	-1.0134	0.063917
-0.4787	-0.0426415	-0.308	-0.0233238	-0.1707	-0.0283752	-1.0047	0.0560025	-1.0095	0.0616565
-0.4519	-0.038768	-0.3054	-0.0220896	-0.173	-0.0235532	-0.9931	0.048416	-0.9994	0.0542815
-0.428	-0.033406	-0.3039	-0.0190479	-0.176	-0.0213712	-0.9798	0.048659	-0.9871	0.053781
-0.4102	-0.020681	-0.3029	-0.0172092	-0.1806	-0.017098	-0.9586	0.036688	-0.9714	0.050634
-0.3939	-0.0175175	-0.3019	-0.0164235	-0.1848	-0.0170644	-0.9341	0.0324785	-0.9522	0.046791
-0.3776	-0.0175855	-0.301	-0.0154185	-0.1901	-0.0137382	-0.8878	-0.0078785	-0.9164	0.017197
-0.3579	-0.0253	-0.2999	-0.0150708	-0.1945	-0.0147112	-0.838	-0.0159645	-0.8747	0.0059465
-0.3379	-0.0266405	-0.2984	-0.0151956	-0.1977	-0.0164518	-0.7667	-0.059387	-0.8227	-0.01472
-0.322	-0.0183285	-0.2968	-0.0147072	-0.2022	-0.0127774	-0.709	-0.038286	-0.7631	-0.0317365
-0.3041	-0.023156	-0.295	-0.0144582	-0.2065	-0.0122684	-0.64	-0.063706	-0.703	-0.0363335
-0.275	-0.048793	-0.2928	-0.0146838	-0.2096	-0.0139972	-0.5733	-0.0647035	-0.6288	-0.0674735
-0.2587	-0.0225755	-0.2897	-0.0160767	-0.2126	-0.013422	-0.5228	-0.0389895	-0.5562	-0.0705245
-0.2466	-0.0139745	-0.286	-0.0169227	-0.2145	-0.015075	-0.4633	-0.060013	-0.5013	-0.042746
-0.2393	-0.003574	-0.2827	-0.0156306	-0.2163	-0.0146364	-0.417	-0.039724	-0.437	-0.065197
-0.2278	-0.012635	-0.2785	-0.0171891	-0.2173	-0.0157618	-0.3619	-0.0603665	-0.387	-0.043522
-0.2165	-0.0124885	-0.2736	-0.0184263	-0.2181	-0.0156496	-0.3194	-0.0411895	-0.3395	-0.0430245
-0.1964	-0.0323985	-0.2394	-0.0833421	-0.2124	-0.0295588	-0.2793	-0.040285	-0.2933	-0.044762
-0.1577	-0.075314	-0.2019	-0.0941664	-0.1848	-0.0784912	-0.2405	-0.0413985	-0.2482	-0.046953
-0.1016	-0.118078	-0.158	-0.1124	-0.1325	-0.136372	-0.1937	-0.060446	-0.2045	-0.0486545
-0.0395	-0.137932	-0.1241	-0.0950961	-0.0938	-0.112269	-0.149	-0.061285	-0.1522	-0.0696495
0.0058	-0.108117	-0.1056	-0.0646593	-0.0657	-0.0932492	-0.1164	-0.042835	-0.1126	-0.0509785
0.0261	-0.058184	-0.0912	-0.0575037	-0.0577	-0.0518838	-0.0866	-0.040938	-0.0679	-0.065183
0.0332	-0.031482	-0.0878	-0.0345483	-0.0626	-0.0240806	-0.0518	-0.053855	-0.0268	-0.063501
0.0307	-0.0111755	-0.0921	-0.017586	-0.0781	0.0001956	-0.0256	-0.041391	0.0026	-0.045982
0.0249	-0.003674	-0.1005	-0.0076665	-0.0938	0.0026872	-0.0018	-0.039918	0.0347	-0.0548675
0.0171	0.0013765	-0.1123	0.0012264	-0.1091	0.0039014	0.0202	-0.039419	0.0578	-0.0417285
0.0117	-0.003074	-0.1218	-0.0020982	-0.1245	0.0062084	0.0455	-0.0486225	0.0783	-0.0399
0.0082	-0.006685	-0.1307	-0.0018981	-0.1347	-0.0032182	0.0639	-0.03873	0.0969	-0.0391965
0.0067	-0.0107385	-0.1358	-0.0088587	-0.1428	-0.0063706	0.0837	-0.0440445	0.1179	-0.046626
0.0072	-0.0150345	-0.1392	-0.0116031	-0.1469	-0.0139848	0.1007	-0.041548	0.1329	-0.0382905
0.0094	-0.0189155	-0.1402	-0.0161025	-0.1493	-0.0169682	0.1121	-0.0333965	0.1457	-0.036595
0.012	-0.0201275	-0.1399	-0.0184488	-0.1499	-0.0203764	0.1215	-0.031532	0.1568	-0.035651
0.0148	-0.0209575	-0.1388	-0.0198444	-0.15	-0.0211144	0.1315	-0.0344695	0.1664	-0.034935
0.018	-0.0222715	-0.1379	-0.0191187	-0.1503	-0.0203578	0.1382	-0.0300245	0.1764	-0.037737
0.0205	-0.021204	-0.129	-0.0365997	-0.1411	-0.0411296	0.157	-0.0548455	0.1827	-0.0327465
0.0476	-0.076354	-0.0724	-0.143344	-0.1046	-0.10263	0.1909	-0.087048	0.1909	-0.038105
0.1176	-0.175432	-0.0312	-0.115855	-0.0553	-0.135316	0.2277	-0.0978225	0.2141	-0.0689595
0.1682	-0.141605	0.0125	-0.126386	-0.0091	-0.134332	0.2667	-0.107796	0.2448	-0.0873675
0.1838	-0.070896	0.0302	-0.074001	0.0112	-0.0824	0.2952	-0.093792	0.2779	-0.097049
0.1815	-0.0339375	0.026	-0.027585	0.0107	-0.0386814	0.3118	-0.075923	0.3111	-0.102769
0.1649	-0.00274	0.0025	0.0157575	-0.0098	0.0057982	0.317	-0.057612	0.3336	-0.0878765
0.136	0.025878	-0.0222	0.0213081	-0.0405	0.0309832	0.3148	-0.045602	0.3433	-0.067717
0.1046	0.034373	-0.0452	0.0206337	-0.0713	0.0350318	0.3084	-0.038816	0.3465	-0.0581335
0.0827	0.0166375	-0.0636	0.0133725	-0.0914	0.0151566	0.299	-0.033783	0.3433	-0.047946
0.0654	0.0087265	-0.0788	0.0087129	-0.1023	-0.0026508	0.2871	-0.0292905	0.336	-0.04137
0.0574	-0.0101305	-0.0865	-0.0058536	-0.1104	-0.007338	0.2731	-0.025196	0.3221	-0.0294325
0.0563	-0.02477	-0.0876	-0.0193188	-0.1153	-0.0132394	0.2533	-0.0136465	0.308	-0.0289205
0.0592	-0.033814	-0.0829	-0.0318141	-0.1154	-0.0230766	0.2316	-0.0087805	0.2921	-0.025233
0.063	-0.036475	-0.0795	-0.0292536	-0.1132	-0.0279442	0.2096	-0.0066485	0.2702	-0.013156
0.0646	-0.03237	-0.0753	-0.0312117	-0.1106	-0.028875	0.1924	-0.0141865	0.2466	-0.008497
0.0631	-0.0259955	-0.0729	-0.027501	-0.1087	-0.0274156	0.1719	-0.006646	0.2274	-0.01525
0.0675	-0.039251	-0.0428	-0.0891546	-0.0898	-0.065204	0.156	-0.013798	0.2042	-0.006287
0.1022	-0.107556	0.0054	-0.132965	-0.0432	-0.12888	0.1371	-0.0068155	0.1812	-0.004793
0.1461	-0.132874	0.0521	-0.135575	0.0108	-0.150921	0.1226	-0.0136085	0.1593	-0.0049415
0.1839	-0.12552	0.0726	-0.0832329	0.0383	-0.0986478	0.1057	-0.007789	0.139	-0.0060805
0.1951	-0.0719795	0.0622	-0.0172815	0.0425	-0.0503068	0.0928	-0.013905	0.1206	-0.0078955
0.1819	-0.020065	0.0281	0.0364962	0.022	0.0039792	0.0917	-0.0354715	0.107	-0.0154385
0.1542	0.012938	-0.0153	0.0612801	-0.0125	0.0375442	0.1145	-0.0818	0.0982	-0.0235135
0.1118	0.048337	-0.0534	0.0548823	-0.0424	0.031557	0.1512	-0.11198	0.1159	-0.073917
0.0768	0.036613	-0.0737	0.0201594	-0.0668	0.0230686	0.1797	-0.101539	0.1455	-0.0996165
0.0484	0.025919	-0.0822	-0.003354	-0.0863	0.0152912	0.1928	-0.0763545	0.1835	-0.120214
0.0263	0.0152095	-0.0798	-0.0262926	-0.0953	-0.0054882	0.1972	-0.0622085	0.1995	-0.0835315
0.0162	-0.0088595	-0.0719	-0.0385749	-0.0951	-0.024642	0.1947	-0.050462	0.2057	-0.067664
0.0167	-0.031263	-0.0599	-0.0484452	-0.0884	-0.0389192	0.184	-0.035338	0.2025	-0.0513725
0.0221	-0.0423115	-0.0503	-0.0444063	-0.0792	-0.0451148	0.1661	-0.0210605	0.1928	-0.0394725
0.0296	-0.0477695	-0.0468	-0.0318759	-0.0734	-0.038524	0.1483	-0.019846	0.174	-0.0217065
0.0332	-0.0401775	-0.0578	6.75E-05	-0.0759	-0.0206422	0.1238	-0.005465	0.155	-0.0198415
0.0238	-0.0118685	0.0411	-0.242714	-0.0783	-0.0204076	0.1029	-0.0099515	0.1282	-0.0032265
0.0506	-0.0913575	0.0551	-0.0662691	-0.0152	-0.165499	0.0769	0.001964	0.0997	0.002755
0.1173	-0.183738	0.1069	-0.152186	0.0866	-0.259158	0.0515	0.0036745	0.0771	-0.0055385
0.1915	-0.209349	0.1431	-0.124199	0.1666	-0.223312	0.028	0.0029345	0.0508	0.0040235
0.2474	-0.178864	0.1476	-0.0586119	0.1754	-0.0751984	0.0076	-0.0002355	0.0311	-0.005648
0.2542	-0.0778415	0.1195	0.0128616	0.1401	0.0213674	-0.0096	-0.0038835	0.0089	0.0014715
0.2144	0.0237225	0.0676	0.0688668	0.0601	0.124717	-0.021	-0.0128505	-0.011	-0.0002255
0.1376	0.109951	0.0198	0.0659334	-0.0314	0.15991	-0.0329	-0.010358	-0.0247	-0.009618
0.0674	0.104178	-0.0272	0.069975	-0.1007	0.121807	-0.0432	-0.011786	-0.0366	-0.011247
-0.0007	0.107943	-0.0515	0.0253755	-0.129	0.0393614	-0.046	-0.02472	-0.0495	-0.0076515
-0.0394	0.051044	-0.0594	-0.0079383	-0.1136	-0.0540294	-0.0185	-0.0824675	-0.0587	-0.012914
-0.0457	-0.0160115	-0.0474	-0.0510261	-0.0581	-0.144783	0.0176	-0.102368	-0.0606	-0.025523
-0.0263	-0.072178	-0.0283	-0.0681432	-0.0226	-0.106998	0.049	-0.0979205	-0.0248	-0.097555
0.0087	-0.109181	-0.0081	-0.0728529	0.0102	-0.105284	0.0766	-0.0947755	0.0115	-0.102869
0.0458	-0.118272	0.0397	-0.136668	0.0537	-0.133082	0.0898	-0.0708885	0.0489	-0.109581
0.0881	-0.134709	0.0933	-0.15556	0.0961	-0.136052	0.0886	-0.0452675	0.0722	-0.087358
0.1338	-0.148002	0.1171	-0.0961872	0.1058	-0.0687576	0.0751	-0.021883	0.0797	-0.0602165
0.1468	-0.081626	0.1107	-0.0323313	0.0856	-0.0037148	0.0582	-0.014026	0.0689	-0.026325
0.1281	-0.0134525	0.0718	0.0403713	0.0372	0.0612388	0.0334	0.003003	0.0526	-0.014732
0.0882	0.0354145	0.0154	0.0838431	-0.0111	0.066847	0.0065	0.0099785	0.0205	0.0174575
0.0375	0.063991	-0.0387	0.0856212	-0.0597	0.0734284	-0.0144	0.0017585	-0.0032	0.0051975
-0.0203	0.0859385	-0.0691	0.0397065	-0.0894	0.0374812	-0.0334	0.0007855	-0.0362	0.0260785
-0.0573	0.046985	-0.0809	0.0023052	-0.0945	-0.0133778	-0.0544	0.0071775	-0.0601	0.012867
-0.0771	0.0136265	-0.0733	-0.0391269	-0.0818	-0.0521182	-0.0691	-0.002053	-0.075	-0.00117
-0.0815	-0.017778	-0.0518	-0.0707415	-0.0502	-0.0954998	-0.0836	-0.000255	-0.09	0.00126
-0.0749	-0.0412955	-0.0707	0.0165786	-0.0575	-0.0128188	-0.0926	-0.008612	-0.0964	-0.01297
-0.0589	-0.062661	0.0878	-0.375245	0.0925	-0.361334	-0.0993	-0.0114515	-0.1008	-0.015538
-0.0786	0.015066	0.2315	-0.362103	0.2188	-0.327157	-0.106	-0.0101175	-0.1025	-0.0196815
0.1025	-0.428858	0.3135	-0.243314	0.272	-0.180575	-0.1104	-0.0131775	-0.1032	-0.0208815
0.24	-0.354998	0.3191	-0.0845031	0.2369	0.0085928	-0.0805	-0.078103	-0.1021	-0.023743
0.3174	-0.239664	0.2589	0.0601242	0.1533	0.120168	0.012	-0.201943	-0.0721	-0.0790025
0.3015	-0.043333	0.1395	0.198354	0.0526	0.168057	0.105	-0.214528	0.0369	-0.234467
0.203	0.140932	0.0336	0.182611	-0.0571	0.200235	0.1595	-0.152566	0.1081	-0.175511
0.0823	0.201625	-0.0622	0.173084	-0.1186	0.106632	0.1945	-0.122638	0.1696	-0.16628
-0.0547	0.252568	-0.1045	0.066123	-0.1411	0.0277146	0.1999	-0.0710055	0.1977	-0.11052
-0.1451	0.166282	-0.096	-0.041289	-0.1215	-0.0628044	0.1886	-0.0405325	0.1944	-0.054576
-0.1677	0.027452	-0.0452	-0.136079	-0.0816	-0.110059	0.1567	-0.000408	0.1734	-0.021063
-0.1343	-0.0934845	0.0086	-0.148861	-0.0293	-0.142317	0.1222	0.007801	0.1424	-5.50E-05
-0.0902	-0.120795	0.0574	-0.144389	0.009	-0.117531	0.0754	0.03518	0.1058	0.013888
-0.0218	-0.179924	0.0749	-0.0809841	0.0194	-0.0602274	0.0283	0.0412305	0.0573	0.0408415
0.0226	-0.134965	0.0675	-0.0280086	0.0034	-0.0028742	-0.0058	0.0219515	0.019	0.0269825
0.0425	-0.086116	0.0314	0.0364992	-0.0353	0.0495104	-0.0404	0.0272055	-0.0236	0.0399525
0.0305	-0.0178385	-0.0198	0.0744126	-0.0743	0.054969	-0.067	0.0163325	-0.0587	0.030958
-0.0101	0.047144	0.069	-0.23045	-0.0459	-0.0898872	-0.0847	0.00286	-0.0801	0.0092665
-0.055	0.061837	0.0958	-0.103754	0.1	-0.354345	-0.0928	-0.012984	-0.0974	0.0044495
0.0638	-0.296508	0.1934	-0.264726	0.2156	-0.305018	-0.0927	-0.0272925	-0.1062	-0.0092635
0.0696	-0.060252	0.2447	-0.174386	0.2778	-0.200898	-0.0575	-0.094409	-0.0974	-0.0415125
0.1767	-0.286717	0.2518	-0.0831735	0.2579	-0.0266158	-0.0147	-0.113152	-0.0561	-0.104688
0.2232	-0.166154	0.2093	0.0254586	0.2003	0.0590656	0.0129	-0.089168	-0.0205	-0.0985975
0.2228	-0.0687295	0.1179	0.138763	0.1037	0.15235	0.0325	-0.0772825	0.0073	-0.08793
0.1757	0.034114	0.0287	0.144761	-0.0173	0.218145	0.0369	-0.050635	0.029	-0.079699
0.0823	0.142141	-0.0548	0.142975	-0.1127	0.176058	0.0292	-0.028077	0.0358	-0.053874
-0.0194	0.171872	-0.0928	0.0522636	-0.1479	0.054158	0.0096	-0.004353	0.0282	-0.027183
-0.0845	0.103246	-0.0543	-0.112843	-0.0929	-0.141676	-0.0112	0.000359	0.009	-0.004044
-0.116	0.037046	0.0673	-0.302147	0.0291	-0.297074	-0.0391	0.0166825	-0.0115	0.0008135
-0.0508	-0.173594	0.1484	-0.227275	0.1739	-0.362678	-0.0613	0.009393	-0.0334	0.0061285
0.0545	-0.270712	0.2223	-0.221689	0.2499	-0.227818	-0.0811	0.0078545	-0.0605	0.019043
0.1462	-0.253887	0.2319	-0.0885072	0.2546	-0.0791612	-0.0982	0.0055375	-0.0852	0.018113
0.2037	-0.189986	0.1816	0.042774	0.1961	0.0601866	-0.1123	0.002391	-0.1047	0.0116165
0.197	-0.055347	0.1023	0.112883	0.1052	0.138924	-0.1255	0.0029825	-0.1174	0.0014875
0.1301	0.0784505	-0.0052	0.185019	0.0064	0.167357	-0.1229	-0.025155	-0.1206	-0.0146255
0.0439	0.129105	-0.0808	0.127343	-0.0995	0.195174	-0.0344	-0.190223	-0.0417	-0.171665
-0.0456	0.147003	-0.1168	0.0488535	-0.1607	0.10897	0.0658	-0.223636	0.0622	-0.229444
-0.1297	0.146404	0.0665	-0.433872	0.04	-0.465184	0.1288	-0.16488	0.131	-0.175175
-0.1523	0.020727	0.2564	-0.471289	0.2402	-0.488639	0.1721	-0.135476	0.1815	-0.149202
0.0582	-0.494334	0.4179	-0.432283	0.4259	-0.481324	0.1809	-0.075337	0.195	-0.0851975
0.2474	-0.473545	0.4966	-0.269337	0.485	-0.223526	0.1642	-0.028254	0.1817	-0.03627
0.4027	-0.423004	0.473	-0.0530937	0.451	-0.0248384	0.134	-0.001	0.1526	-0.005101
0.4713	-0.251523	0.3734	0.117338	0.3548	0.116616	0.0952	0.01866	0.1028	0.037621
0.4355	-0.0301645	0.2327	0.219834	0.2335	0.183415	0.0406	0.053449	0.0458	0.057192
0.3241	0.140343	0.062	0.303132	0.0928	0.240853	-0.0146	0.061226	-0.0089	0.0596605
0.1759	0.234528	-0.0504	0.194341	0.0049	0.140512	-0.0617	0.0526065	-0.0537	0.047485
0.0038	0.305351	-0.1102	0.0913878	-0.0399	0.0554574	-0.09	0.0226125	-0.085	0.027366
-0.1015	0.178214	-0.1166	-0.0196344	-0.0461	-0.0247664	-0.1126	0.0156275	-0.0996	-0.000444
-0.1525	0.0710665	-0.0843	-0.104527	-0.0309	-0.0714686	-0.1234	-0.0036995	-0.1057	-0.0144835
-0.1395	-0.064196	-0.021	-0.17716	0.005	-0.119257	-0.1246	-0.0202125	-0.1051	-0.02609
-0.0947	-0.135878	0.0294	-0.156207	0.0338	-0.10787	-0.1197	-0.031182	-0.0988	-0.036612
-0.0422	-0.158137	0.0607	-0.120035	0.0501	-0.0836764	-0.1129	-0.0348535	-0.0901	-0.0415255
-0.0008	-0.139791	0.0653	-0.0647127	0.0482	-0.0453248	-0.1038	-0.0395665	-0.0821	-0.040815
0.0193	-0.09757	0.045	-0.0101217	0.0298	-0.0085264	-0.0972	-0.0353725	-0.0769	-0.0360145
0.0157	-0.0474465	0.0835	-0.138472	0.0872	-0.174769	-0.0922	-0.0326315	0.1006	-0.367958
-0.0099	0.001875	0.1265	-0.153462	0.0695	-0.0150738	0.088	-0.370055	0.0284	0.0900245
0.0494	-0.183778	0.2088	-0.246494	0.1604	-0.254363	0.0492	0.0285545	0.1178	-0.212173
0.0791	-0.125577	0.2681	-0.206114	0.2356	-0.230888	0.1557	-0.246544	0.1972	-0.204686
0.159	-0.24138	0.268	-0.0821664	0.2794	-0.170763	0.244	-0.2256	0.2476	-0.159773
0.2156	-0.200321	0.2036	0.0599808	0.2751	-0.0697868	0.289	-0.154505	0.2551	-0.084728
0.2105	-0.071191	0.1102	0.131758	0.2151	0.053953	0.302	-0.099975	0.2238	-0.012251
0.1561	0.0380865	-0.0199	0.2245	0.1362	0.102839	0.2832	-0.041895	0.1648	0.043865
0.0741	0.105516	0.0807	-0.272284	0.0731	0.0770844	0.2326	0.020254	0.0925	0.0760185
-0.0123	0.125186	0.2686	-0.478968	0.1594	-0.24733	0.178	0.033116	0.0347	0.056681
0.0719	-0.243538	0.4068	-0.392402	0.3282	-0.441493	0.105	0.074471	-0.0276	0.072395
0.1893	-0.328292	0.4677	-0.238784	0.4412	-0.338755	0.0476	0.053041	-0.0621	0.0268055
0.3191	-0.371504	0.4294	-0.0271557	0.4854	-0.20055	-0.0128	0.065753	-0.019	-0.117952
0.4011	-0.282969	0.3513	0.0647424	0.4527	-0.0360414	-0.0043	-0.0592655	0.0443	-0.162129
0.3893	-0.08652	0.2254	0.179554	0.3376	0.150135	0.0334	-0.116517	0.099	-0.153708
0.3077	0.0683135	0.0939	0.206813	0.2102	0.190833	0.0799	-0.138336	0.1256	-0.106948
0.1539	0.23762	-0.037	0.221371	0.0879	0.194623	0.1074	-0.107973	0.1348	-0.077406
0.0445	0.157286	-0.0999	0.0864192	-0.005	0.144041	0.1211	-0.0853825	0.129	-0.050355
-0.0847	0.214793	0.0454	-0.368373	-0.0612	0.0738376	0.1217	-0.062483	0.111	-0.02679
-0.1427	0.0729465	0.34	-0.718275	0.1347	-0.47935	0.1106	-0.040644	0.066	0.02688
-0.037	-0.283322	0.5159	-0.491661	0.3895	-0.634395	0.0825	-0.0070845	0.0281	0.0185075
0.2019	-0.59272	0.6722	-0.471273	0.6194	-0.610932	0.0519	0.000828	-0.0094	0.0223345
0.4136	-0.563072	0.6915	-0.187964	0.7561	-0.433128	0.0091	0.0278785	-0.0948	0.119276
0.5396	-0.40092	0.6183	0.0132153	0.7759	-0.191566	-0.0259	0.018168	0.0724	-0.35583
0.5452	-0.151478	0.4889	0.145297	0.6939	0.0306666	-0.0843	0.0677175	0.1887	-0.279109
0.4474	0.075161	0.3702	0.13596	0.5471	0.183268	0.0827	-0.358456	0.2912	-0.268025
0.296	0.204409	0.3703	-0.114643	0.4023	0.19564	0.2278	-0.337587	0.3348	-0.168911
0.1639	0.178912	0.4216	-0.229584	0.3772	-0.0534726	0.3133	-0.242134	0.3281	-0.0792075
0.1556	-0.0808505	0.4565	-0.200701	0.404	-0.166487	0.3589	-0.17758	0.291	-0.0214905
0.1984	-0.194288	0.4561	-0.127891	0.4399	-0.190784	0.3425	-0.0657245	0.2146	0.0573445
0.2391	-0.195958	0.4055	-0.017616	0.4568	-0.153826	0.2937	-0.003017	0.1405	0.061394
0.2506	-0.137271	0.3285	0.0460785	0.437	-0.075254	0.2058	0.076882	0.0662	0.070339
0.2309	-0.0705415	0.2361	0.0887982	0.4002	-0.0359384	0.1246	0.073943	-0.0202	0.102588
0.1791	0.002189	0.1441	0.0985659	0.3359	0.0288558	0.0269	0.115233	-0.0803	0.0628615
0.1059	0.0553835	0.0636	0.0838851	0.2593	0.0633592	-0.0431	0.073988	-0.127	0.0449805
0.024	0.0833615	0.0015	0.0526926	0.181	0.0759632	-0.0997	0.0571585	-0.1604	0.0258505
-0.0543	0.085469	-0.0406	0.0158664	0.1109	0.0669334	-0.1434	0.0398995	-0.1861	0.016005
-0.1305	0.0908555	-0.0593	-0.0308517	0.0549	0.0439336	-0.1805	0.033374	-0.1967	-0.0089195
-0.1739	0.028053	0.2206	-0.692162	0.0171	0.0102154	-0.1996	0.004264	-0.196	-0.0283635
-0.1488	-0.118065	0.5356	-0.805278	0.157	-0.380057	-0.2022	-0.024113	-0.1877	-0.042101
0.1406	-0.708526	0.8033	-0.740482	0.5183	-0.889389	-0.1928	-0.045877	-0.1784	-0.044125
0.454	-0.798804	0.9566	-0.521508	0.718	-0.575429	-0.1809	-0.0509005	-0.1692	-0.044203
0.7076	-0.707194	0.9724	-0.237571	0.8771	-0.511015	-0.166	-0.0572585	0.1913	-0.72076
0.8385	-0.469424	0.8774	0.0038766	0.9136	-0.259763	-0.1613	-0.038656	-0.0551	0.401504
0.8283	-0.176032	0.7105	0.172763	0.833	-0.0058466	-0.0529	-0.238059	0.0567	-0.256956
0.7039	0.0751965	0.5166	0.251181	0.6853	0.151417	0.0726	-0.284262	0.1741	-0.281994
0.5137	0.233632	0.3346	0.247027	0.5093	0.230948	0.1739	-0.253728	0.2689	-0.254034
0.3059	0.293999	0.2673	0.0134316	0.3468	0.221405	0.2495	-0.217787	0.3092	-0.162317
0.1316	0.243907	0.2887	-0.176273	0.2748	0.039445	0.2663	-0.115295	0.294	-0.0620625
0.1022	-0.0573665	0.3213	-0.204668	0.3138	-0.198963	0.2388	-0.033449	0.2316	0.0292275
0.1406	-0.205057	0.3411	-0.181188	0.3721	-0.247233	0.1647	0.0584995	0.1617	0.050307
0.2024	-0.262625	0.331	-0.118179	0.4169	-0.225093	0.0867	0.074446	0.1943	-0.139077
0.2231	-0.179915	0.2902	-0.0496833	0.424	-0.147623	0.0543	-0.0040175	0.2741	-0.234983
0.2139	-0.11709	0.2244	0.0100395	0.3934	-0.0655674	0.1388	-0.225271	0.3527	-0.244019
0.1686	-0.0366875	0.2153	-0.108584	0.3326	0.0044834	0.2466	-0.281381	0.388	-0.172255
0.1032	0.0128545	0.4109	-0.563159	0.3013	-0.0543132	0.3093	-0.209271	0.3798	-0.0948695
0.1893	-0.316574	0.5094	-0.372597	0.4478	-0.446169	0.3365	-0.150317	0.3307	-0.017011
0.3344	-0.459558	0.6133	-0.398245	0.6189	-0.519599	0.3251	-0.081095	0.2503	0.0477255
0.4802	-0.480925	0.6359	-0.232135	0.7374	-0.424833	0.2689	0.0049445	0.1742	0.0482465
0.553	-0.339126	0.5868	-0.0774333	0.7645	-0.237674	0.2007	0.033725	0.0794	0.0928855
0.5291	-0.135833	0.48	0.0551127	0.7057	-0.0516398	0.1006	0.102654	-0.0092	0.0924035
0.4043	0.089011	0.3134	0.199744	0.5861	0.08922	-0.0028	0.121016	-0.0679	0.045967
0.2533	0.160885	0.1728	0.161498	0.4384	0.165077	-0.0764	0.07659	-0.0161	-0.159069
0.1017	0.179828	0.0399	0.161156	0.295	0.172665	0.0194	-0.239923	0.1834	-0.449786
-0.0288	0.151322	-0.0375	0.0540069	0.1718	0.144686	0.1833	-0.383087	0.3322	-0.378043
-0.1459	0.137964	-0.0834	-0.0063849	0.0775	0.0951566	0.3286	-0.368687	0.4362	-0.312064
-0.1991	0.011153	-0.1089	-0.0458382	0.0128	0.040735	0.4305	-0.304947	0.496	-0.24216
-0.2425	-0.0030065	-0.092	-0.13663	-0.0262	-0.0085026	0.4828	-0.224357	0.4847	-0.115247
-0.2499	-0.076469	0.1085	-0.546576	-0.0343	-0.072352	0.4834	-0.133786	0.4113	0.0032845
-0.0887	-0.449429	0.3297	-0.617579	0.1579	-0.516362	0.4209	-0.0148105	0.3216	0.0417805
0.194	-0.739473	0.5107	-0.556411	0.3922	-0.633672	0.3354	0.0351725	0.265	-0.0123325
0.3402	-0.472068	0.5457	-0.255648	0.5756	-0.549941	0.3078	-0.0672745	0.286	-0.155963
0.431	-0.368779	0.4541	0.0198417	0.661	-0.355711	0.3339	-0.168736	0.3179	-0.181
0.3982	-0.107274	0.3097	0.147121	0.62	-0.0865914	0.3558	-0.165583	0.3283	-0.145189
0.2603	0.128682	0.1217	0.260875	0.5008	0.090931	0.3461	-0.109269	0.3114	-0.0955785
0.0742	0.251863	-0.0435	0.23295	0.311	0.261345	0.3008	-0.0412575	0.2612	-0.0309205
-0.0425	0.12034	-0.1395	0.0995685	0.1204	0.285656	0.2424	-0.0118815	0.1852	0.0237135
-0.1766	0.173855	-0.1976	0.0275433	-0.0197	0.196458	0.1723	0.016729	0.1136	0.0238175
-0.2714	0.104058	-0.1591	-0.179459	-0.0838	0.0447172	0.0956	0.037335	0.0223	0.070122
-0.3062	-0.0162355	-0.0302	-0.384677	-0.0887	-0.0788374	-0.0022	0.087062	-0.0489	0.0427305
-0.1914	-0.343214	0.0606	-0.315745	0.0084	-0.304706	-0.0953	0.0902505	-0.1274	0.0659275
-0.0887	-0.329685	0.0969	-0.205941	0.1107	-0.328124	-0.1727	0.072142	-0.1934	0.0523145
-0.0169	-0.273326	0.0662	-0.0617559	0.1892	-0.287942	-0.2189	0.0226205	-0.2273	-0.000261
-0.0023	-0.154947	-0.028	0.0829821	0.1975	-0.141913	-0.0937	-0.300455	-0.0441	-0.412805
-0.0431	-0.0334955	-0.1553	0.168234	0.1557	-0.0319984	0.239	-0.715074	0.2104	-0.572737
-0.1356	0.0868525	-0.1522	-0.105521	0.0608	0.090778	0.4816	-0.584414	0.488	-0.650069
-0.1887	0.011428	-0.0559	-0.31263	-0.0931	0.233332	0.7309	-0.630045	0.6382	-0.441964
-0.0965	-0.304283	0.0212	-0.281625	0.0252	-0.352534	0.7941	-0.306619	0.7112	-0.31532
-0.0119	-0.298416	0.0606	-0.207365	0.1503	-0.382127	0.7697	-0.149859	0.6915	-0.149553
0.0454	-0.248189	0.0285	-0.0534486	0.2317	-0.300588	0.6531	0.026827	0.6195	-0.0498705
0.0266	-0.086256	-0.0622	0.080682	0.2223	-0.109225	0.5148	0.079909	0.5135	0.021482
-0.06	0.066816	-0.1597	0.107141	0.1329	0.0692374	0.3615	0.123498	0.3877	0.0702795
-0.1632	0.114876	-0.268	0.143621	0.0254	0.120097	0.2417	0.076365	0.2268	0.151633
-0.289	0.178877	-0.3404	0.0779403	-0.104	0.181823	0.2025	-0.0650235	0.1841	-0.056923
-0.3767	0.111275	-0.3957	0.0498534	-0.2073	0.139823	0.1831	-0.099251	0.1734	-0.114106
-0.4443	0.079398	-0.4181	-0.0152943	-0.2622	0.0452956	0.1575	-0.0858065	0.1604	-0.109208
-0.4705	-0.0020455	-0.4235	-0.0490758	-0.2914	-0.0045876	0.1272	-0.0743465	0.1362	-0.086825
-0.4672	-0.0620555	-0.4188	-0.0695934	-0.2917	-0.0646582	0.0878	-0.0536775	0.0999	-0.0611885
-0.4462	-0.0995145	-0.4141	-0.0689151	-0.2821	-0.086036	0.0267	-0.007419	0.0526	-0.0359755
-0.428	-0.0936785	-0.3435	-0.214747	-0.2757	-0.0795326	-0.0596	0.048595	-0.0345	0.046289
-0.349	-0.229093	-0.2362	-0.303984	-0.2714	-0.0750958	0.1636	-0.536107	-0.0939	0.0040265
-0.2358	-0.313318	-0.1541	-0.260454	-0.1964	-0.232173	0.3418	-0.4782	0.1041	-0.483574
-0.1515	-0.261987	-0.1198	-0.16383	-0.106	-0.275149	0.4986	-0.460989	0.3154	-0.534447
-0.118	-0.158737	-0.1467	-0.0316422	-0.0363	-0.23997	0.5508	-0.281727	0.4629	-0.439621
-0.1604	0.006543	-0.2332	0.104597	-0.0287	-0.110415	0.5094	-0.110826	0.5083	-0.263831
-0.2605	0.141028	-0.3457	0.173734	-0.0797	0.0189244	0.3871	0.0475345	0.4948	-0.158665
-0.3795	0.196895	-0.4308	0.127699	-0.1558	0.081078	0.2558	0.0782115	0.4384	-0.076869
-0.4628	0.134235	-0.4885	0.0785484	-0.2413	0.111561	0.0819	0.17535	0.3514	-0.013106
-0.5144	0.076429	-0.5217	0.0326475	-0.3315	0.132918	-0.0547	0.124876	0.2133	0.0943795
-0.533	0.012026	-0.4749	-0.139544	-0.3957	0.086813	-0.2032	0.165132	0.0914	0.0793905
-0.4487	-0.211936	-0.3325	-0.356394	-0.4218	0.0107786	-0.3029	0.09077	-0.0269	0.087241
-0.3176	-0.32436	-0.2206	-0.305111	-0.3649	-0.16962	-0.3813	0.0637445	-0.1383	0.0888805
-0.1906	-0.330037	-0.1536	-0.2184	-0.2481	-0.308929	-0.4377	0.033101	-0.2404	0.0855945
-0.1399	-0.175192	-0.1498	-0.0856863	-0.1403	-0.302685	-0.3199	-0.292995	-0.3311	0.077614
-0.1511	-0.0431025	-0.1996	0.0334485	-0.0625	-0.248896	-0.1357	-0.433941	-0.4113	0.0703945
-0.2287	0.106793	-0.3002	0.153101	-0.0719	-0.064504	0.1066	-0.56813	-0.2833	-0.318309
-0.3384	0.189059	-0.3953	0.154149	-0.132	0.049442	0.211	-0.333493	-0.1213	-0.398343
-0.4232	0.149061	-0.4746	0.131909	-0.2427	0.169471	0.2469	-0.215735	0.0445	-0.425301
-0.4786	0.096362	-0.5259	0.0808425	-0.3383	0.14991	0.1996	-0.0612975	0.1403	-0.311499
-0.5021	0.0347025	-0.5493	0.0267084	-0.4262	0.14514	0.0926	0.0585395	0.1593	-0.176335
-0.4888	-0.0417295	-0.5413	-0.0385677	-0.4718	0.062726	-0.0469	0.134014	0.1352	-0.096539
-0.4644	-0.0656455	-0.5153	-0.0779418	-0.4755	-0.023869	-0.1916	0.161696	0.081	-0.03626
-0.4199	-0.111096	-0.482	-0.0958218	-0.4438	-0.101125	-0.2968	0.104704	0.0063	0.0095725
-0.3853	-0.0925315	-0.4518	-0.0915804	-0.4111	-0.106327	-0.4004	0.116258	-0.1053	0.089911
-0.3615	-0.0709	-0.4314	-0.0721542	-0.3853	-0.0941626	-0.3986	-0.071685	-0.2002	0.07224
-0.3436	-0.05894	-0.4067	-0.0829281	-0.3717	-0.0694312	-0.3487	-0.162509	-0.2895	0.0743235
-0.2601	-0.205419	-0.3231	-0.215681	-0.3668	-0.0510156	-0.3064	-0.152373	-0.3867	0.102141
-0.1848	-0.196311	-0.2495	-0.202764	-0.3023	-0.183311	-0.2719	-0.141114	-0.3876	-0.069153
-0.1368	-0.144057	-0.202	-0.153048	-0.2523	-0.158356	-0.262	-0.096712	-0.3472	-0.146605
-0.1277	-0.062821	-0.2069	-0.0417996	-0.2121	-0.142176	-0.2722	-0.057947	-0.3135	-0.137022
-0.1539	0.0152225	-0.2487	0.0414525	-0.2054	-0.0722194	-0.3051	-0.0116135	-0.2863	-0.127154
-0.2043	0.073112	-0.3268	0.128035	-0.2324	0.0022554	-0.2672	-0.142265	-0.2801	-0.0886975
-0.2753	0.126269	-0.4068	0.142845	-0.2939	0.0826732	-0.1493	-0.299667	-0.2975	-0.042642
-0.3265	0.092465	-0.4545	0.0821028	-0.3658	0.113873	-0.0535	-0.271115	-0.3247	-0.0201145
-0.361	0.06334	-0.4744	0.027534	-0.4073	0.0558274	-0.0136	-0.175215	-0.2729	-0.167166
-0.3638	-0.001075	-0.4681	-0.0268377	-0.4414	0.0452622	-0.0149	-0.100825	-0.1512	-0.306834
-0.3458	-0.045186	-0.4371	-0.0811164	-0.4584	0.012309	-0.0624	-0.011653	-0.0333	-0.313976
-0.3136	-0.077302	-0.4027	-0.0911763	-0.4556	-0.0286958	-0.1239	0.0215465	0.0128	-0.190332
-0.2772	-0.089104	-0.3709	-0.0884196	-0.4364	-0.064567	-0.2138	0.0845235	-0.0045	-0.074113
-0.2397	-0.0947155	-0.3491	-0.0689883	-0.4138	-0.0735914	-0.2888	0.0681475	-0.072	0.024707
-0.2198	-0.0590445	-0.3398	-0.0428349	-0.3935	-0.0704104	-0.3577	0.067224	-0.1916	0.133797
-0.215	-0.0268355	-0.3456	-0.0093921	-0.3796	-0.0578792	-0.4186	0.062225	-0.3017	0.131417
-0.2247	0.005902	-0.3603	0.0121428	-0.38	-0.0270412	-0.4813	0.0753955	-0.4121	0.147266
-0.2456	0.033158	-0.3822	0.0310374	-0.3909	-0.0029014	-0.527	0.0529145	-0.4761	0.0738065
-0.2652	0.034106	-0.3988	0.0230958	-0.4077	0.01232	-0.5528	0.0229545	-0.5085	0.023357
-0.2809	0.0292045	-0.4097	0.0136629	-0.4264	0.0194068	-0.5597	-0.007439	-0.5143	-0.0212555
-0.284	0.0045365	-0.4098	-0.0077757	-0.4482	0.0294292	-0.5127	-0.107535	-0.5008	-0.0551115
-0.3142	0.0666415	-0.4164	0.0079155	-0.4557	0.0012106	-0.3726	-0.290065	-0.4544	-0.117628
-0.5647	0.562155	-0.6131	0.432569	-0.4551	-0.0149612	-0.2647	-0.243729	-0.2844	-0.359086
0.1949	-1.65118	-0.2072	-0.880978	-0.6637	0.450718	-0.185	-0.201608	-0.1455	-0.319046
0.3122	-0.317988	0.1626	-0.850031	-0.3794	-0.617729	-0.1357	-0.152125	-0.0667	-0.219989
0.6098	-0.735379	0.4859	-0.792635	0.1027	-1.09117	-0.1133	-0.105827	-0.0272	-0.153853
0.8734	-0.699978	0.6999	-0.590885	0.3509	-0.630462	-0.1236	-0.045113	-0.0521	-0.034684
1.0657	-0.578653	0.8113	-0.391227	0.5501	-0.552566	-0.1659	0.0183925	-0.1198	0.051079
1.0694	-0.188384	0.7745	-0.0779142	0.6541	-0.366435	-0.2304	0.0672445	-0.2143	0.11173
0.9382	0.105959	0.6135	0.200385	0.637	-0.111347	-0.287	0.0612515	-0.3329	0.171007
0.6867	0.385336	0.4363	0.25436	0.5402	0.066559	-0.3395	0.061869	-0.4147	0.116657
0.4651	0.346812	0.2362	0.325754	0.3976	0.179056	-0.381	0.048954	-0.4468	0.0332825
0.254	0.348824	0.0905	0.228726	0.2177	0.278538	-0.3265	-0.128753	-0.3424	-0.223234
0.1356	0.167684	0.0239	0.0705366	0.0695	0.229613	-0.2421	-0.191491	-0.2278	-0.254207
0.1106	-0.026009	0.0238	-0.0691728	-0.0152	0.106458	-0.1686	-0.179848	-0.1349	-0.22562
0.1402	-0.144922	0.0598	-0.149482	-0.034	-0.0296082	-0.131	-0.119085	-0.0838	-0.156093
0.1817	-0.1758	0.1016	-0.166983	-0.0113	-0.11946	-0.1155	-0.0805875	-0.0818	-0.067544
0.2112	-0.155196	0.1225	-0.125969	0.0206	-0.142649	-0.1228	-0.0380575	-0.1218	0.013465
0.2153	-0.103425	0.1146	-0.0648843	0.05	-0.141027	-0.1527	0.006974	-0.1866	0.066814
0.1904	-0.040489	0.0756	0.0048789	0.0562	-0.0931632	-0.1874	0.020715	-0.2747	0.120699
0.1467	0.0035015	0.0139	0.0599112	0.042	-0.0487032	-0.235	0.050822	-0.3417	0.092468
0.0796	0.0602955	-0.0525	0.0779067	0.0029	0.008273	-0.2725	0.0385045	-0.3881	0.0628965
0.0095	0.07496	-0.0995	0.0431052	-0.0509	0.0457008	-0.3117	0.047827	-0.4125	0.028287
-0.051	0.062315	-0.1374	0.0289554	-0.0966	0.034368	-0.3356	0.024833	-0.412	-0.014533
-0.0916	0.025855	-0.1546	-0.0119868	-0.1432	0.0421364	-0.3537	0.0183335	-0.3957	-0.0429505
-0.1085	-0.0213445	-0.1611	-0.0331935	-0.177	0.0196664	-0.3596	-0.0011205	-0.3625	-0.075542
-0.1132	-0.0458345	-0.1607	-0.0472494	-0.1958	-0.009186	-0.3586	-0.0118675	-0.3117	-0.11176
-0.1121	-0.057586	-0.1591	-0.0494841	-0.2014	-0.0358312	-0.3496	-0.0255995	-0.1868	-0.259194
-0.1135	-0.0516005	-0.1607	-0.04209	-0.2002	-0.0498548	-0.3205	-0.063669	-0.076	-0.24673
-0.1205	-0.038398	-0.1689	-0.0267393	-0.1989	-0.049823	-0.2254	-0.192754	-0.002	-0.18936
-0.1333	-0.0240155	-0.1813	-0.0158874	-0.2033	-0.0369184	-0.1145	-0.233929	0.0189	-0.096382
-0.1509	-0.011069	-0.2008	0.001965	-0.2126	-0.0250872	-0.0445	-0.168487	-0.0178	0.011791
-0.1761	0.0087955	-0.2187	0.0014091	-0.2265	-0.0133062	0.0085	-0.144289	-0.0884	0.081725
-0.1979	0.005261	-0.2356	0.0020439	-0.251	0.0123958	0.0062	-0.0445045	-0.1719	0.115824
-0.217	0.002968	-0.2521	0.0039402	-0.2659	-0.0054444	-0.0336	0.0279395	-0.2496	0.115956
-0.2348	0.003548	-0.2621	-0.0077235	-0.2876	0.0120148	-0.0824	0.0504075	-0.3093	0.092267
-0.2436	-0.013078	-0.2688	-0.0130431	-0.2997	-0.0060938	-0.1484	0.0900295	-0.3437	0.0525735
-0.2517	-0.0123175	-0.271	-0.0214161	-0.3061	-0.0166836	-0.1984	0.0682215	-0.3518	0.0079645
-0.2561	-0.018279	-0.2702	-0.0270015	-0.3112	-0.0181792	-0.2392	0.0577535	-0.3308	-0.0452815
-0.2575	-0.0231235	-0.2685	-0.02829	-0.3134	-0.0233784	-0.2697	0.044222	-0.2872	-0.0897575
-0.2584	-0.0227735	-0.268	-0.025026	-0.3143	-0.0253718	-0.2927	0.0349455	-0.2353	-0.109749
-0.2594	-0.0211465	-0.2697	-0.0193929	-0.3152	-0.0246334	-0.2991	0.007329	-0.2007	-0.0817575
-0.2606	-0.0192795	-0.2731	-0.0145956	-0.3169	-0.0221156	-0.2928	-0.014823	-0.182	-0.0544715
-0.2629	-0.015379	-0.2795	-0.0066891	-0.3199	-0.0183858	-0.2789	-0.0287765	-0.1795	-0.024714
-0.2654	-0.013332	-0.2856	-0.0057303	-0.326	-0.0104918	-0.2552	-0.0479845	-0.1897	0.0003185
-0.2683	-0.0108025	-0.2894	-0.0092361	-0.3312	-0.0110954	-0.2339	-0.045051	-0.2086	0.0192895
-0.2706	-0.0104335	-0.2912	-0.0123465	-0.3357	-0.011354	-0.2134	-0.045004	-0.2352	0.0375175
-0.2714	-0.0121305	-0.291	-0.0156975	-0.3393	-0.0121334	-0.1909	-0.0503495	-0.3152	0.144813
-0.2703	-0.014901	-0.2891	-0.0186282	-0.3421	-0.0127932	-0.1763	-0.037	-0.5362	0.427814
-0.2673	-0.0179145	-0.2862	-0.0202176	-0.3429	-0.0162114	-0.1658	-0.030051	0.2068	-1
-0.2639	-0.017843	-0.2814	-0.0239394	-0.3428	-0.0174278	-0.158	-0.025337	0.2664	-0.175944
-0.2591	-0.0200635	-0.2781	-0.0203511	-0.3416	-0.0191986	-0.1549	-0.0164745	0.5513	-0.618428
-0.255	-0.0178105	-0.2751	-0.0192558	-0.3401	-0.0193284	-0.2527	0.178145	0.7713	-0.531864
-0.2501	-0.018828	-0.273	-0.0167988	-0.3382	-0.01972	0.5167	-1	0.9516	-0.486799
-0.2454	-0.017745	-0.2722	-0.0133482	-0.3368	-0.0181644	0.2468	0.424168	1.0841	-0.422079
-0.241	-0.016438	-0.2716	-0.0121854	-0.3355	-0.0174394	0.2789	-0.124679	1.1121	-0.2429
-0.2374	-0.014003	-0.2704	-0.0127782	-0.3345	-0.0162604	0.4338	-0.366476	1.0171	-0.015185
-0.2331	-0.0148235	-0.2681	-0.0145599	-0.3339	-0.0148246	0.638	-0.48291	0.8119	0.203739
-0.2281	-0.015753	-0.2643	-0.017373	-0.3332	-0.0144522	0.7623	-0.357817	0.5975	0.24304
-0.2213	-0.0192425	-0.2601	-0.0179367	-0.3323	-0.0143156	0.8355	-0.278799	0.3552	0.32056
-0.217	-0.0134235	-0.2546	-0.0205629	-0.3304	-0.0159828	0.8256	-0.132159	0.1963	0.188527
-0.2093	-0.020441	-0.2487	-0.0213648	-0.3276	-0.0175536	0.7676	-0.042457	0.0421	0.19836
-0.2031	-0.0170195	-0.2553	0.0064431	-0.3239	-0.0192398	0.6539	0.0681775	0.0508	-0.096158
-0.1956	-0.0196715	-0.4308	0.383485	-0.3198	-0.0199322	0.5428	0.0741155	0.1113	-0.197215
-0.1927	-0.009396	-0.6063	0.406364	-0.3207	-0.0086828	0.399	0.148236	0.2218	-0.301584
-0.3276	0.29781	-0.0755	-1.14034	-0.409	0.186271	0.2625	0.150164	0.2842	-0.223913
-0.722	0.893698	0.1833	-0.600741	-0.7605	0.782692	0.149	0.121639	0.2878	-0.119944
-0.0518	-1.42213	0.4272	-0.600001	-0.227	-1.13937	0.067	0.074444	0.2376	-0.0182675
0.2158	-0.609858	0.6511	-0.586822	-0.0168	-0.485634	0.0242	0.008899	0.1583	0.042837
0.4955	-0.67131	0.7327	-0.299982	0.2458	-0.627678	-0.0021	-0.0176345	0.0408	0.125493
0.7482	-0.648674	0.6595	0.0319035	0.437	-0.501556	-0.0209	-0.028774	-0.0752	0.137089
0.9183	-0.500218	0.4771	0.28168	0.4882	-0.214676	-0.0307	-0.0436445	-0.1734	0.1177
0.9766	-0.277317	0.255	0.390937	0.4229	0.036964	-0.0361	-0.050736	-0.2093	0.0109145
0.9154	-0.0236	0.1029	0.26188	0.3292	0.10719	-0.0402	-0.052383	-0.214	-0.0436115
0.786	0.131218	0.0049	0.160016	0.1711	0.261059	-0.0463	-0.0478195	-0.198	-0.0818015
0.5964	0.277408	-0.0088	-0.0153438	0.0058	0.296004	-0.0586	-0.0348905	-0.175	-0.0962865
0.4213	0.265864	0.0332	-0.137453	-0.0788	0.136843	-0.0766	-0.0220875	-0.1496	-0.102907
0.2841	0.201317	0.1106	-0.221413	-0.0848	-0.027327	-0.0948	-0.0190695	-0.1448	-0.0656785
0.2446	-0.000336	0.1877	-0.230598	-0.0134	-0.198408	-0.1204	-0.0020755	-0.1599	-0.027247
0.2533	-0.103866	0.2131	-0.125716	0.0542	-0.198649	-0.1481	0.005769	-0.1876	-0.000305
0.2884	-0.16496	0.1777	0.0056793	0.1457	-0.26011	-0.1698	-0.001578	-0.2229	0.0187255
0.3307	-0.18681	0.0858	0.1351	0.1707	-0.123801	-0.1896	-0.001674	-0.2747	0.056015
0.3405	-0.121438	-0.0062	0.146368	0.1361	0.0052384	-0.2075	-0.0019085	-0.3076	0.027481
0.3241	-0.066071	-0.129	0.226171	0.0516	0.120065	-0.2233	-0.002676	-0.336	0.024469
0.2702	0.017796	0.0036	-0.326091	-0.0438	0.154491	-0.24	0.002148	-0.3422	-0.013036
0.1789	0.106398	0.1266	-0.321071	-0.1253	0.135331	-0.2529	-0.0018795	-0.3379	-0.0307625
0.0978	0.0942205	0.2234	-0.278337	-0.0654	-0.168666	-0.2613	-0.007665	-0.325	-0.0461655
0.1013	-0.084366	0.2675	-0.173762	0.0758	-0.356491	-0.2651	-0.0141635	-0.3125	-0.045383
0.1592	-0.20635	0.2242	0.0143016	0.185	-0.302765	-0.2655	-0.018908	-0.3024	-0.040763
0.2461	-0.278908	0.1426	0.104096	0.2522	-0.223134	-0.2631	-0.0229205	-0.2966	-0.032236
0.3179	-0.257404	0.0446	0.150162	0.2355	-0.0454108	-0.2604	-0.0224825	-0.2953	-0.0228155
0.3286	-0.132021	-0.0612	0.179422	0.1502	0.108585	-0.2575	-0.021903	-0.2994	-0.0111065
0.2706	0.017856	-0.1342	0.119704	0.0322	0.19135	-0.2548	-0.020593	-0.3055	-0.005247
0.1637	0.132556	-0.1583	0.0203811	-0.0754	0.182573	-0.2517	-0.0204265	-0.312	-0.002187
0.0435	0.174692	-0.1457	-0.0577638	-0.1431	0.107193	-0.2492	-0.0184005	-0.3175	-0.0017395
-0.044	0.116742	-0.0954	-0.142684	-0.1578	-0.002027	-0.2477	-0.015542	-0.3213	-0.002737
-0.1102	0.080507	0.0664	-0.396449	-0.1188	-0.119239	-0.2464	-0.014106	-0.3206	-0.009318
-0.1335	-0.0061195	0.2135	-0.383871	-0.0174	-0.262413	-0.245	-0.013229	-0.3162	-0.014925
-0.1253	-0.072627	0.3205	-0.313463	0.1794	-0.486727	-0.243	-0.013334	-0.307	-0.023134
-0.0362	-0.253028	0.3243	-0.0981717	0.346	-0.443991	-0.2403	-0.0137165	-0.295	-0.028139
0.141	-0.460007	0.2326	0.112684	0.3763	-0.16215	-0.2375	-0.013045	-0.2845	-0.0252765
0.2732	-0.382737	0.0829	0.2522	0.3178	0.0307144	-0.2341	-0.0133625	-0.2732	-0.0267065
0.2996	-0.165223	-0.0608	0.257026	0.2118	0.142761	-0.2301	-0.013772	-0.2654	-0.0200155
0.2161	0.0745065	-0.1518	0.157732	0.0944	0.1806	-0.2254	-0.014469	-0.2585	-0.017931
0.0644	0.235609	-0.1732	0.0146592	-0.0298	0.209844	-0.22	-0.015277	-0.2536	-0.013651
-0.0947	0.270714	-0.1262	-0.134242	-0.1028	0.111289	-0.2123	-0.0192795	-0.2503	-0.0099155
-0.2217	0.219653	-0.069	-0.162319	-0.1399	0.040631	-0.2038	-0.0207205	-0.2469	-0.009269
-0.2544	0.0268185	0.1026	-0.423459	-0.1346	-0.0487758	-0.1951	-0.021149	-0.25	0.004053
-0.2308	-0.0930895	0.1822	-0.240358	-0.1074	-0.097815	-0.1882	-0.017796	-0.406	0.300023
-0.172	-0.173205	0.3047	-0.346062	-0.0749	-0.112695	-0.1817	-0.0169475	-0.6727	0.53465
-0.1167	-0.171908	0.3682	-0.230886	0.1127	-0.461143	-0.1752	-0.0168515	-0.0838	-1
0.0612	-0.451022	0.3625	-0.0859698	0.2796	-0.43826	-0.1688	-0.0165955	0.2437	-0.645677
0.2414	-0.478683	0.277	0.0910392	0.3887	-0.330749	-0.1624	-0.0165515	0.4492	-0.452983
0.3172	-0.270125	0.197	0.0884982	0.3762	-0.0746416	-0.1542	-0.0200045	0.6629	-0.496702
0.2907	-0.0535685	0.3427	-0.403984	0.2614	0.153442	-0.1475	-0.017371	0.8117	-0.401796
0.1695	0.158998	0.5503	-0.560537	0.1799	0.0929318	-0.1411	-0.0168935	0.8294	-0.172087
0.0847	0.0923105	0.7227	-0.509473	0.3337	-0.420322	-0.1331	-0.020068	0.723	0.060446
0.2151	-0.376333	0.7275	-0.160271	0.5229	-0.518411	-0.1267	-0.0173225	0.5361	0.225093
0.3988	-0.512301	0.5994	0.132392	0.6744	-0.45877	-0.1189	-0.020184	0.3445	0.254823
0.5546	-0.47518	0.4399	0.216153	0.6803	-0.155079	-0.1114	-0.019987	0.2186	0.150578
0.5379	-0.113616	0.2587	0.282691	0.6022	0.0294888	-0.1043	-0.0195975	0.1252	0.10266
0.4056	0.142993	0.2001	0.0316623	0.4523	0.197352	-0.0991	-0.016306	0.0868	0.007834
0.2505	0.208232	0.4733	-0.699322	0.3162	0.184072	-0.0931	-0.0180005	0.0784	-0.04555
0.0788	0.263302	0.8291	-0.917965	0.2566	0.0300606	-0.1483	0.099525	0.0882	-0.079927
0.1409	-0.235834	1.0656	-0.699012	0.5678	-0.787099	-0.4002	0.485814	0.1113	-0.107196
0.4291	-0.747374	1.1394	-0.369616	0.7612	-0.564449	0.6421	-1	0.1236	-0.0898495
0.7364	-0.828042	1.1344	-0.206939	0.9979	-0.685779	0.0655	1	0.1202	-0.0617825
0.8759	-0.496781	1.3153	-0.622983	1.1029	-0.424015	0.2296	-0.343248	0.0974	-0.0246135
0.8278	-0.101188	1.5101	-0.680079	1.0896	-0.176168	0.4563	-0.485413	0.0669	-0.007428
0.8795	-0.32137	1.5957	-0.465818	1.2426	-0.546243	0.6846	-0.519112	0.1354	-0.194525
1.1273	-0.768552	1.5064	-0.0923316	1.4995	-0.79826	0.8462	-0.422675	0.1244	-0.050727
1.2688	-0.568646	1.309	0.154439	1.5941	-0.471971	0.9144	-0.267311	0.1777	-0.173752
1.2591	-0.256258	1.0372	0.340184	1.5292	-0.132291	0.8342	0.0052615	0.2012	-0.123938
1.108	0.053274	0.8592	0.161986	1.3332	0.163873	0.6641	0.184173	0.1974	-0.0753285
0.8839	0.229047	0.7285	0.0761547	1.084	0.303329	0.5016	0.187485	0.1664	-0.0234805
0.6537	0.266212	0.8756	-0.527504	0.857	0.282235	0.3574	0.170062	0.102	0.0438575
0.4677	0.193374	1.0971	-0.713615	0.7366	0.0713494	0.2257	0.162238	0.0227	0.08008
0.5762	-0.440977	1.2672	-0.629889	0.8809	-0.503598	0.144	0.0813215	-0.0524	0.081794
0.8109	-0.738216	1.2755	-0.294932	1.1756	-0.857154	0.1148	-0.0102485	-0.1069	0.0517885
1.0202	-0.715093	1.1771	-0.0625848	1.3665	-0.664815	0.1184	-0.0703125	-0.1323	0.003118
1.0609	-0.371221	1.0511	0.0073419	1.4203	-0.386201	0.1402	-0.106389	-0.1407	-0.0257705
0.9706	-0.0901385	0.9094	0.0545877	1.3082	-0.0269756	0.1544	-0.0951855	-0.0714	-0.17359
0.7937	0.108981	0.8048	-0.0131847	1.126	0.139846	0.1599	-0.080985	0.0996	-0.377667
0.5718	0.22725	0.8799	-0.402206	0.9755	0.0893854	0.1453	-0.0437795	0.2223	-0.306563
0.5839	-0.268521	0.9676	-0.442093	1.0455	-0.384156	0.12	-0.0220835	0.2888	-0.214827
0.6749	-0.448506	0.9994	-0.331517	1.1248	-0.415451	0.1347	-0.096521	0.2633	-0.0474835
0.729	-0.381153	0.9336	-0.121462	1.1604	-0.330274	0.2169	-0.228969	0.1625	0.09934
0.7168	-0.244043	0.8029	0.0281031	1.113	-0.152512	0.2888	-0.220501	0.0424	0.14828
0.6333	-0.0874595	0.6386	0.116463	1.0008	-0.0049696	0.298	-0.110235	-0.0736	0.155188
0.4952	0.0412965	0.4748	0.133645	0.8579	0.0749326	0.2465	0.003972	-0.1837	0.158698
0.3039	0.174453	0.3341	0.101017	0.7133	0.094428	0.1506	0.094647	-0.2501	0.089257
0.1712	0.066461	0.2563	-0.0225063	0.6035	0.033317	0.0395	0.135142	-0.2648	-0.000715
0.062	0.029905	0.3699	-0.439188	0.4902	0.0532826	-0.041	0.0899265	-0.2416	-0.070511
0.0137	-0.0922575	0.5398	-0.579425	0.513	-0.236289	-0.0992	0.0572665	-0.1008	-0.298583
0.1626	-0.525058	0.6545	-0.479233	0.6989	-0.602505	-0.1368	0.0253825	0.1448	-0.517419
0.3076	-0.535806	0.6644	-0.262334	0.8	-0.438157	-0.1448	-0.0262135	0.3015	-0.377711
0.3648	-0.360114	0.5894	-0.0768123	0.8264	-0.286108	-0.0712	-0.181569	0.3724	-0.233641
0.3321	-0.169061	0.4632	0.0444621	0.7693	-0.105445	0.1109	-0.399276	0.3374	-0.0405075
0.2184	0.013591	0.3214	0.0932739	0.6517	0.034414	0.2628	-0.364458	0.2616	0.0407205
0.0652	0.114599	0.2089	0.0446172	0.512	0.096564	0.3171	-0.196879	0.4157	-0.39367
-0.0865	0.130086	0.0711	0.11407	0.3775	0.101029	0.2667	-0.003705	0.5448	-0.366886
-0.1964	0.0564755	0.012	-0.0441441	0.2616	0.0753538	0.1899	0.0520815	0.6131	-0.268708
-0.3046	0.0674125	-0.0501	-0.0302418	0.1962	-0.0232406	0.0726	0.138695	0.5945	-0.113028
-0.3651	-0.023672	-0.0874	-0.0775836	0.1353	-0.0256532	-0.0464	0.156267	0.4884	0.054762
-0.3981	-0.0754715	-0.1215	-0.0798471	0.1127	-0.103597	-0.151	0.143654	0.361	0.106585
-0.4282	-0.0758085	-0.1618	-0.0615057	0.0769	-0.0717344	-0.228	0.104354	0.2279	0.131677
-0.4603	-0.065455	-0.2218	-0.0122703	0.0364	-0.0570772	-0.2735	0.054481	0.1692	0.0039555
-0.5007	-0.0406735	-0.2924	0.0193389	-0.0245	-0.0068802	-0.2901	0.0059035	0.4341	-0.612483
-0.5483	-0.0171	-0.3528	0.0062253	-0.083	-0.0047342	-0.2836	-0.0350385	0.7134	-0.675486
-0.601	0.002939	-0.4204	0.0307185	-0.1551	0.032788	-0.1244	-0.32838	0.9088	-0.552458
-0.6664	0.040789	-0.4728	0.0065049	-0.2141	0.0127862	0.0724	-0.420038	0.9368	-0.259182
-0.7192	0.024261	-0.518	-0.0016371	-0.2784	0.032189	0.2622	-0.431525	1.0053	-0.345329
-0.7744	0.039797	0.4594	-2.26776	-0.326	0.003483	0.3389	-0.238844	1.2603	-0.71793
0.8132	-3.60466	-0.3626	1.6107	0.3701	-1.64256	0.3183	-0.0628235	1.4769	-0.682187
-0.6698	3.02491	-0.2881	-0.280021	-0.234	1.16082	0.2935	-0.053755	1.5244	-0.391128
-0.5954	-0.251583	-0.2488	-0.210071	-0.1692	-0.251307	0.4542	-0.40921	1.3895	-0.053568
-0.5324	-0.232541	-0.2295	-0.169698	-0.1185	-0.227544	0.5833	-0.370739	1.1823	0.0955245
-0.4815	-0.210831	-0.2346	-0.117143	-0.0773	-0.212383	0.6169	-0.205955	0.8411	0.373463
-0.465	-0.138246	-0.2725	-0.042897	-0.0847	-0.109266	0.5568	-0.032867	0.604	0.211515
-0.478	-0.0723465	-0.323	-0.009408	-0.1346	-0.0137586	0.3483	0.257532	0.5751	-0.162652
-0.5133	-0.018714	-0.3807	0.0137781	-0.1972	0.0208178	0.2239	0.11996	0.7429	-0.540563
-0.5721	0.0405525	-0.4528	0.0540285	-0.2654	0.0412926	0.0978	0.137663	0.8955	-0.535992
-0.6268	0.0416405	-0.5112	0.0338001	-0.3431	0.0712528	0.2982	-0.475576	0.9476	-0.366083
-0.6775	0.042712	-0.5716	0.0469629	-0.4117	0.0611982	0.6032	-0.703472	0.9232	-0.230071
-0.7361	0.0700145	-0.6134	0.0147591	-0.4487	0.0001756	0.8361	-0.60582	0.8093	-0.059349
-0.7682	0.0220575	-0.6467	0.0028452	-0.4845	0.0029206	0.9866	-0.480494	0.6411	0.0553695
-0.7887	0.004101	-0.6777	0.0037683	-0.5196	0.0067018	0.9877	-0.216644	0.6314	-0.231923
-0.7999	-0.0100855	-0.6986	-0.0128379	-0.545	-0.0095302	1.248	-0.72068	0.7161	-0.415588
-0.8065	-0.014921	-0.7158	-0.0163965	-0.5662	-0.0146738	1.4521	-0.651272	0.7578	-0.346981
-0.8088	-0.019631	-0.7305	-0.017691	-0.5845	-0.0173988	1.6411	-0.654978	0.7315	-0.225083
-0.8094	-0.019082	-0.7468	-0.0101346	-0.6014	-0.017108	1.6108	-0.264656	0.6478	-0.114958
-0.8091	-0.0169625	-0.7599	-0.0130029	-0.6208	-0.0082884	1.4601	-0.0371525	0.4986	0.0183535
-0.8084	-0.0138445	-0.772	-0.0113349	-0.6334	-0.0197896	1.1988	0.187289	0.3196	0.0918755
-0.8075	-0.010335	-0.7852	-0.0050853	-0.6481	-0.0123194	0.9076	0.271516	0.1668	0.0622175
-0.8063	-0.0070775	-0.795	-0.0086643	-0.668	0.0023246	0.6689	0.202315	0.0255	0.058346
-0.8029	-0.008091	-0.8032	-0.0086307	-0.6789	-0.0139096	0.7561	-0.398549	0.0065	-0.159547
-0.7998	-0.003834	-0.8097	-0.0089916	-0.6904	-0.0098888	0.9359	-0.591485	0.1424	-0.455387
-0.7946	-0.004895	-0.8146	-0.0093198	-0.7021	-0.0066606	1.042	-0.476767	0.219	-0.358934
-0.7875	-0.0057995	-0.8179	-0.0098301	-0.7105	-0.0111616	1.0521	-0.310439	0.2637	-0.308196
-0.7783	-0.007422	-0.8197	-0.010305	-0.7184	-0.0098268	0.9706	-0.140632	0.2353	-0.174385
-0.7668	-0.009798	-0.8196	-0.0118482	-0.7225	-0.0158698	0.8034	0.0296745	0.1584	-0.0786485
-0.7503	-0.0185265	-0.818	-0.0127362	-0.7263	-0.0145912	0.6594	0.0018975	0.0205	0.047597
-0.7345	-0.01528	-0.8073	-0.0307083	-0.7288	-0.0155636	0.6962	-0.33144	-0.1131	0.0564545
-0.7215	-0.0073525	-0.7942	-0.0349377	-0.7297	-0.0173562	0.7362	-0.34568	-0.2695	0.11761
-0.6975	-0.029845	-0.7818	-0.0326103	-0.7214	-0.0362294	0.7239	-0.253684	-0.387	0.063625
-0.6645	-0.0493825	-0.7718	-0.0264549	-0.7131	-0.0357992	0.6366	-0.111391	-0.4668	0.007675
-0.6374	-0.0370575	-0.7631	-0.0224796	-0.7065	-0.0316082	0.4886	0.013186	-0.5044	-0.061251
-0.6145	-0.027913	-0.7581	-0.0130353	-0.7027	-0.0247788	0.3113	0.0856455	-0.5529	-0.0330465
-0.5956	-0.018803	-0.7544	-0.0084861	-0.7017	-0.0176154	0.1327	0.108754	-0.5963	-0.034037
-0.5793	-0.0124025	-0.7509	-0.0062334	-0.7026	-0.0121122	-0.0032	0.048218	-0.6424	-0.020433
-0.5645	-0.008206	-0.7463	-0.0068565	-0.705	-0.0072642	0.0139	-0.229303	-0.6808	-0.026281
-0.5467	-0.0139085	-0.7402	-0.0085179	-0.7068	-0.0068946	0.1697	-0.498508	-0.7396	0.021193
-0.5308	-0.0091725	-0.7323	-0.011049	-0.7074	-0.0079278	0.289	-0.448569	-0.7893	0.0147235
-0.5142	-0.0100635	-0.7226	-0.0138252	-0.7064	-0.009995	0.3137	-0.282821	-0.834	0.0152575
-0.5001	-0.004005	-0.7113	-0.0164073	-0.7037	-0.0124816	0.2275	-0.073995	-0.8573	-0.01618
-0.4771	-0.0230695	-0.6988	-0.0183309	-0.6982	-0.0176252	0.1046	0.00629	-0.7714	-0.219191
-0.4557	-0.019999	-0.6855	-0.0195504	-0.6921	-0.018233	-0.0437	0.0700245	-0.658	-0.279009
-0.434	-0.021063	-0.6719	-0.0197967	-0.6853	-0.0191484	-0.2266	0.155386	-0.55	-0.279499
-0.4124	-0.021383	-0.6582	-0.0196761	-0.6782	-0.019274	-0.3423	0.050021	-0.5069	-0.165317
-0.3912	-0.021131	-0.6447	-0.018942	-0.6711	-0.0187838	-0.4714	0.09199	-0.5165	-0.066722
-0.3704	-0.020935	-0.6315	-0.0180015	-0.6641	-0.0180856	-0.5334	-0.018683	-0.5633	0.0086705
-0.3502	-0.020348	-0.6186	-0.0170637	-0.6572	-0.0173892	-0.5793	-0.0392585	-0.6138	0.0244595
-0.3307	-0.0195645	-0.6058	-0.0165723	-0.6505	-0.0164722	-0.6176	-0.0452545	-0.6798	0.0636785
-0.3117	-0.019236	-0.6448	0.0988221	-0.6439	-0.0157664	-0.6653	-0.019284	-0.7446	0.0730175
-0.2958	-0.013155	-0.7206	0.18736	-0.6634	0.0427104	-0.7079	-0.0198125	-0.8101	0.086188
-0.3295	0.0966965	-0.8774	0.378908	-0.804	0.3155	-0.7597	0.006762	-0.8493	0.0477985
-0.4879	0.380014	-1.0031	0.331691	-0.9372	0.317819	-0.8029	0.0004805	-0.871	0.0232575
-0.6401	0.388459	-1.0667	0.212113	-1.0627	0.318834	-0.851	0.0193275	-0.8776	0.0012575
-0.7496	0.315677	-1.0573	0.0608574	-1.1264	0.198951	-0.8748	-0.0171825	-0.8708	-0.0193245
-0.7551	0.101712	-0.9713	-0.107409	-1.1136	0.0389922	-0.7822	-0.233903	-0.8566	-0.0300655
-0.6884	-0.05447	-0.8889	-0.10707	-1.0285	-0.120993	-0.666	-0.286997	-0.8385	-0.035065
-0.5749	-0.163495	-0.8556	-0.0053892	-0.9485	-0.117986	-0.5568	-0.284718	-0.8238	-0.02659
-0.4758	-0.142768	-1.0244	0.44235	-0.943	0.0396902	-0.5134	-0.168918	-0.8033	-0.0354735
-0.5268	0.181196	-1.1585	0.389048	-1.1231	0.453308	-0.5136	-0.0878465	-0.7882	-0.0236245
-0.6857	0.430282	-1.2759	0.371893	-1.2935	0.455973	-0.5475	-0.020381	-0.7737	-0.020416
-0.8462	0.457133	-1.311	0.207208	-1.395	0.326253	-0.6052	0.032409	-0.7637	-0.0096975
-0.8962	0.235564	-1.2845	0.0785217	-1.4081	0.145002	-0.688	0.090965	-0.7549	-0.004819
-0.8675	0.0711875	-1.1986	-0.0529305	-1.3545	0.0012086	-0.7537	0.0718375	-0.7458	-0.002722
-0.7776	-0.0642325	-1.051	-0.19706	-1.2522	-0.110833	-0.8053	0.056676	-0.7328	-0.007638
-0.651	-0.153239	-0.9461	-0.117139	-1.1278	-0.169915	-0.842	0.03847	-0.7195	-0.0061765
-0.5138	-0.189394	-0.8298	-0.152546	-1.0017	-0.186614	-0.8645	0.0199325	-0.7038	-0.0088615
-0.3643	-0.231343	-0.8575	0.155751	-0.8915	-0.164665	-0.8741	0.002235	-0.6866	-0.0101925
-0.2933	-0.0735465	-1.118	0.679245	-1.0557	0.43339	-0.8729	-0.0129845	-0.6583	-0.030277
-0.5463	0.639945	-1.4335	0.836905	-1.4097	0.87727	-0.8613	-0.02879	-0.6262	-0.037838
-0.8963	0.890127	-1.6811	0.729071	-1.7361	0.86195	-0.847	-0.031131	-0.5943	-0.0383345
-1.2124	0.862931	-1.807	0.494029	-1.9703	0.700375	-0.8319	-0.0302235	-0.5649	-0.034538
-1.4318	0.693348	-1.8029	0.225946	-2.0725	0.439584	-0.8178	-0.0260265	-0.5342	-0.037891
-1.5192	0.434232	-1.6929	-0.0045651	-2.0289	0.132229	-0.8056	-0.0200425	-0.5166	-0.01384
-1.504	0.224467	-1.7437	0.344442	-2.0366	0.244957	-0.7952	-0.0140745	-0.4952	-0.020772
-1.4933	0.2401	-1.915	0.623793	-2.1208	0.419952	-0.7877	-0.005816	-0.4829	-0.0034535
-1.6018	0.511449	-2.0282	0.521452	-2.2723	0.584007	-0.7769	-0.0091675	-0.4685	-0.006619
-1.7611	0.646051	-2.0443	0.325606	-2.3506	0.444384	-0.7689	-0.001243	-0.4564	-0.001649
-1.841	0.498103	-1.9337	0.0520656	-2.3284	0.235327	-0.7577	-0.0045585	-0.4399	-0.0093495
-1.8125	0.276106	-1.7657	-0.0833373	-2.1836	-0.035142	-0.744	-0.0069825	-0.421	-0.0138325
-1.6882	0.068451	-1.5244	-0.26165	-2.0003	-0.133987	-0.7241	-0.01691	-0.4044	-0.0096625
-1.5015	-0.0774855	-1.4672	0.122498	-1.7662	-0.265227	-0.7046	-0.015007	-0.3824	-0.0201105
-1.2399	-0.259968	-1.6052	0.553793	-1.7891	0.280799	-0.6749	-0.0335565	-0.3588	-0.0240285
-1.1275	0.0455015	-1.7752	0.646719	-1.9724	0.64358	-0.6495	-0.025617	-0.3394	-0.0170995
-1.2806	0.627827	-1.8833	0.535351	-2.1655	0.691663	-0.6186	-0.036132	-0.3155	-0.02649
-1.4324	0.650475	-1.8898	0.32844	-2.2404	0.456912	-0.5948	-0.023234	-0.2918	-0.027515
-1.5403	0.578934	-1.7773	0.0703719	-2.1842	0.179226	-0.5672	-0.03055	-0.2688	-0.027671
-1.5198	0.314433	-1.615	-0.0488391	-2.0439	-0.010132	-0.5464	-0.018074	-0.2475	-0.0259295
-1.3743	0.0413445	-1.386	-0.212231	-1.775	-0.30891	-0.5223	-0.0242945	-0.2682	0.0534955
-1.1477	-0.150419	-1.1566	-0.237129	-1.5693	-0.197735	-0.504	-0.0135305	-0.3561	0.186784
-0.9397	-0.13162	-1.0123	-0.0726984	-1.3861	-0.169697	-0.4777	-0.028698	-0.5224	0.350472
-0.7457	-0.121772	-1.0033	0.213362	-1.3778	0.199352	-0.4563	-0.0201645	-0.6309	0.262607
-0.5828	-0.073096	-1.022	0.276841	-1.4098	0.290642	-0.4443	-0.002463	-0.6954	0.194623
-0.5595	0.220066	-1.0109	0.215962	-1.4143	0.236261	-0.4211	-0.0233015	-0.7128	0.115495
-0.5464	0.242646	-0.9548	0.117595	-1.3555	0.0989856	-0.4044	-0.0115835	-0.6791	0.022867
-0.5024	0.174988	-0.8124	-0.0782862	-1.2593	0.0114202	-0.3789	-0.028589	-0.597	-0.07112
-0.4214	0.0896745	-0.678	-0.0755802	-1.1075	-0.121341	-0.3658	-0.006012	-0.5618	0.011885
-0.2795	-0.053846	-0.545	-0.0869652	-0.9669	-0.112759	-0.3446	-0.021413	-0.7309	0.403571
-0.1348	-0.076416	-0.4603	0.0056817	-0.8581	-0.0573188	-0.3227	-0.0236875	-0.8912	0.411423
0.0676	-0.222212	-0.471	0.208719	-0.8751	0.210651	-0.3052	-0.0163415	-0.972	0.282879
0.1062	0.116605	-0.4788	0.205001	-0.8975	0.226474	-0.2841	-0.023933	-0.9961	0.188692
0.091	0.230954	-0.4549	0.136928	-0.8848	0.15301	-0.2673	-0.0168725	-0.9772	0.11391
0.0886	0.203919	-0.3762	0.0135324	-0.7994	-0.0083092	-0.2468	-0.0247585	-0.9024	0.008826
0.1362	0.092526	-0.2524	-0.0952764	-0.722	0.0006468	-0.2436	0.0072155	-0.8107	-0.0285445
0.2162	0.013805	-0.1086	-0.154207	-0.5916	-0.125118	-0.3197	0.160686	-0.7033	-0.066176
0.3199	-0.0500085	-0.0568	0.0329478	-0.4928	-0.0696284	-0.4912	0.355442	-0.5571	-0.150775
0.4609	-0.147563	0.0541	-0.104633	-0.4323	0.0044062	-0.6343	0.324666	-0.4958	-0.0028315
0.5749	-0.107417	0.0952	0.0367299	-0.3904	0.039219	-0.7113	0.218482	-0.7868	0.670162
0.6202	0.0283155	0.1257	0.0549528	-0.3546	0.0484422	-0.7138	0.088251	-1.0271	0.612874
0.653	0.0473645	0.1597	0.0430437	-0.3117	0.0290076	-0.6539	-0.0279875	-1.2237	0.563925
0.6843	0.043337	0.1997	0.0250446	-0.2464	-0.0253756	-0.5758	-0.0672405	-1.3672	0.4924
0.7288	0.006633	0.2614	-0.0287136	-0.1672	-0.0637352	-0.5783	0.081031	-1.401	0.306002
0.7761	-0.0088035	0.3351	-0.0637629	-0.0981	-0.050621	-0.7113	0.335448	-1.349	0.152066
0.8397	-0.054864	0.3981	-0.0500472	-0.0325	-0.051078	-0.8566	0.379307	-1.5318	0.604302
0.9068	-0.0748	0.4682	-0.0747738	0.0278	-0.0472396	-0.9381	0.278937	-1.7127	0.631153
0.9591	-0.0547915	0.5303	-0.0670167	0.0933	-0.0662062	-0.9424	0.145205	-1.7829	0.449232
1.0036	-0.0487695	0.573	-0.0331197	0.1509	-0.05683	-0.8844	0.030527	-1.7208	0.212244
1.0413	-0.04422	0.6122	-0.0323103	0.1904	-0.0239408	-0.799	-0.025046	-1.5042	-0.0843275
1.0784	-0.052804	0.6381	-0.0094026	0.2221	-0.011809	-0.6938	-0.069841	-1.2493	-0.177609
1.0987	-0.0254535	0.6568	0.001503	0.2543	-0.0172316	-0.5768	-0.102237	-1.0416	-0.112365
1.1216	-0.0392695	0.6663	0.0176841	0.2732	0.007884	-0.3959	-0.236985	-1.1368	0.449963
1.1336	-0.0234875	0.6818	0.0011787	0.2894	0.0110312	-0.5063	0.303134	-1.2303	0.464274
1.1352	-0.0075155	0.6944	0.0036735	0.3124	-0.0066336	-0.8221	0.714861	-1.3096	0.454779
1.1312	-0.0009315	0.7179	-0.0241902	0.3364	-0.0122864	-1.1019	0.689146	-1.2645	0.231769
1.1277	-0.0072	0.7415	-0.0294567	0.3634	-0.0225532	-1.2818	0.537323	-1.1357	0.0713315
1.1257	-0.0157385	0.7716	-0.0490335	0.3923	-0.0307958	-1.3304	0.313467	-0.9088	-0.127932
1.1259	-0.026012	0.8004	-0.0521607	0.4218	-0.0364394	-1.2655	0.107707	-0.688	-0.140009
1.1271	-0.0338915	0.8207	-0.0392088	0.4557	-0.0506588	-1.3625	0.417579	-0.4774	-0.144533
1.1278	-0.0385645	0.8354	-0.031719	0.4857	-0.0470402	-1.5636	0.636909	-0.3867	0.062336
1.126	-0.0387285	0.8449	-0.0244737	0.5054	-0.028785	-1.6574	0.463312	-0.3578	0.171897
1.1195	-0.033676	0.8503	-0.0190626	0.5194	-0.0195338	-1.6515	0.291402	-0.3169	0.146973
1.1073	-0.0257785	0.8773	-0.0702945	0.5314	-0.0178366	-1.4939	0.006899	-0.2291	0.053163
1.093	-0.0251175	0.9306	-0.134712	0.5673	-0.0734692	-1.2832	-0.107549	-0.0992	-0.037709
1.079	-0.0294625	1.0088	-0.199413	0.6215	-0.119646	-1.086	-0.101483	0.0286	-0.049408
1.108	-0.128783	1.0534	-0.137365	0.7068	-0.196606	-1.1346	0.352462	0.1602	-0.072841
1.1462	-0.158417	1.0662	-0.0753195	0.7596	-0.136211	-1.2766	0.544005	0.1951	0.0960555
1.1876	-0.176043	1.0442	-0.0027321	0.784	-0.081067	-1.3641	0.463226	0.1818	0.183502
1.1946	-0.110617	1.0035	0.0384114	0.7768	-0.0153966	-1.3419	0.269811	0.1802	0.161733
1.1714	-0.0502695	0.9541	0.0597471	0.7488	0.0301458	-1.2221	0.0858655	0.2137	0.093465
1.1234	0.0019535	0.9085	0.0545136	0.7099	0.056284	-1.0372	-0.0483165	0.2811	0.0229515
1.0444	0.0713115	0.8733	0.0342777	0.6706	0.0604988	-0.768	-0.22852	0.3951	-0.076584
0.9713	0.062837	0.851	0.0073107	0.6389	0.047065	-0.537	-0.184795	0.5041	-0.0831845
0.9053	0.0513205	0.8397	-0.0169524	0.6194	0.0225462	-0.4068	-0.0169455	0.5693	-0.015015
0.8526	0.0254515	0.8397	-0.0432015	0.6128	-0.0049774	-0.3802	0.168244	0.6017	0.0371285
0.8137	-0.002929	0.8439	-0.0550572	0.6175	-0.0305064	-0.3499	0.159697	0.6403	0.018135
0.7823	-0.0188225	0.8471	-0.0558825	0.6324	-0.0549792	-0.2992	0.118389	0.6809	0.0062585
0.7642	-0.0484015	0.8457	-0.0485916	0.6472	-0.0578396	-0.2174	0.05368	0.7183	0.003939
0.7493	-0.05708	0.8378	-0.036507	0.6592	-0.054718	-0.0849	-0.0530555	0.7803	-0.0516825
0.7362	-0.062969	0.8231	-0.0229323	0.6657	-0.0452794	0.0718	-0.115778	0.8252	-0.0304165
0.7153	-0.0476575	0.8024	-0.0102555	0.6619	-0.0245172	0.1322	0.0496525	0.89	-0.0784625
0.6871	-0.032379	0.7772	-0.0001131	0.6516	-0.0109344	0.1116	0.197367	0.9398	-0.0621375
0.6516	-0.016047	0.7543	-0.004458	0.6374	-0.0023152	0.1016	0.178979	0.9806	-0.0557365
0.6021	0.0162825	0.8287	-0.220202	0.6323	-0.0220778	0.1422	0.0823155	1.0127	-0.048992
0.5669	-0.012358	1.0102	-0.469923	0.7145	-0.216701	0.2173	0.010117	1.0366	-0.042283
0.5362	-0.020805	1.1626	-0.430589	0.9051	-0.469023	0.3179	-0.0494445	1.0502	-0.030626
0.6108	-0.253941	1.2452	-0.297656	1.0986	-0.50053	0.4305	-0.086709	1.0619	-0.0339195
0.7754	-0.46657	1.2401	-0.116594	1.1773	-0.271249	0.4977	-0.0155415	1.0592	-0.0129715
0.9045	-0.412034	1.1629	0.0405909	1.1574	-0.0641156	0.5382	0.0249675	1.0484	-0.0023375
0.9602	-0.26938	1.037	0.154858	1.0577	0.113313	0.5783	0.017984	1.0324	0.0037805
0.9283	-0.086233	0.8949	0.203245	0.9165	0.215574	0.6247	-0.0020475	1.0176	-0.0016915
0.8252	0.071533	0.7661	0.188473	0.7734	0.235189	0.6895	-0.046391	1.0067	-0.012437
0.6492	0.242497	0.7198	0.0186195	0.6428	0.223326	0.7478	-0.045426	1.0002	-0.024578
0.4978	0.206516	0.8912	-0.461792	0.7005	-0.180429	0.8039	-0.0522175	0.9968	-0.034734
0.3791	0.150195	1.1121	-0.595586	0.9404	-0.593718	0.8553	-0.054202	0.9941	-0.0406405
0.4001	-0.147696	1.298	-0.548288	1.1909	-0.64842	0.9091	-0.0695235	0.9877	-0.038151
0.6047	-0.560831	1.389	-0.364085	1.3827	-0.550931	0.9523	-0.060389	0.9786	-0.037092
0.8086	-0.587872	1.3721	-0.139584	1.4649	-0.333565	0.9733	-0.0278155	0.9653	-0.0327625
0.9433	-0.463433	1.2674	0.0535581	1.4353	-0.0981038	0.9933	-0.033382	0.9488	-0.0297665
0.973	-0.251362	1.1114	0.176674	1.3222	0.0881738	1.0048	-0.024486	0.9744	-0.113491
0.9079	-0.0490095	0.9414	0.22365	1.1708	0.18443	1.0063	-0.0116975	1.0213	-0.162565
0.7728	0.110339	0.7876	0.205723	0.9846	0.277885	0.9975	0.002911	1.0553	-0.148701
0.6035	0.199457	0.6682	0.145806	0.857	0.168423	0.9842	0.007686	1.0626	-0.106831
0.434	0.218047	0.5886	0.0700125	0.7725	0.086508	0.9735	-0.0005775	1.0447	-0.064546
0.2892	0.182107	0.5455	-0.003102	0.7306	0.0006148	0.968	-0.0141175	1.0005	-0.0169045
0.1821	0.114879	0.5932	-0.201286	0.7186	-0.0621724	0.9678	-0.0284725	0.9236	0.0465655
0.1138	0.0410255	0.9645	-0.928295	0.9263	-0.550319	0.9707	-0.039254	0.8662	0.0140225
0.0751	-0.016866	1.5315	-1.4119	1.4252	-1.22456	0.9725	-0.0423525	0.7988	0.0361165
0.2853	-0.566206	2.0453	-1.36797	1.9737	-1.39848	0.9722	-0.0433975	0.7486	0.0074375
0.833	-1.34485	2.4385	-1.16921	2.4133	-1.22737	0.9679	-0.040521	0.6932	0.0199795
1.3891	-1.43616	2.6746	-0.875657	2.7048	-0.956753	0.9588	-0.035583	0.6454	0.0088085
1.8395	-1.27744	2.7342	-0.520361	2.825	-0.617097	0.9444	-0.029037	0.5978	0.0111715
2.1462	-1.0232	2.6322	-0.176658	2.7379	-0.176791	0.9452	-0.061219	0.5665	-0.017245
2.2808	-0.68935	2.418	0.077412	2.4696	0.230986	0.9897	-0.150167	0.5424	-0.030025
2.2387	-0.324421	2.1548	0.205432	2.1835	0.298331	1.0238	-0.140659	0.5184	-0.029917
1.9571	0.202536	1.8337	0.360052	1.8976	0.328424	1.0454	-0.125978	0.4951	-0.0308565
1.6715	0.23685	1.5904	0.221097	1.6481	0.278628	1.0403	-0.082507	0.4787	-0.043702
1.3839	0.268643	1.3994	0.129989	1.4462	0.200003	1	-0.019311	0.4565	-0.0328805
1.1246	0.234705	1.2518	0.0528057	1.291	0.117975	0.9557	-0.0115735	0.4334	-0.0306555
0.9018	0.180283	1.1296	0.0107409	1.1694	0.0596684	0.8759	0.057523	0.4737	-0.15198
0.7167	0.119741	1.0271	-0.0214104	1.0776	0.0059492	0.8186	0.019806	0.6448	-0.411176
0.5366	0.12817	0.9354	-0.0358926	1.0067	-0.0314462	0.7394	0.065033	0.7736	-0.35436
0.4143	0.0193945	0.8486	-0.0383124	0.9462	-0.0479186	0.692	0.010021	0.878	-0.327358
0.3191	-0.027687	0.8718	-0.274712	0.9179	-0.113978	0.6351	0.0307735	0.9054	-0.196573
0.2381	-0.0489775	1.2139	-0.989096	1.1261	-0.637865	0.591	0.0100705	0.8614	-0.06708
0.2539	-0.255423	1.5765	-1.08039	1.5387	-1.11969	0.5654	-0.0229845	0.7635	0.0378705
0.6486	-1.10172	1.968	-1.19396	1.9956	-1.27154	0.5487	-0.039744	0.6609	0.055338
1.1241	-1.33408	2.3077	-1.13287	2.3362	-1.07286	0.5357	-0.0475225	0.523	0.132811
1.5155	-1.21202	2.3684	-0.561357	2.537	-0.808448	0.522	-0.0472285	0.4007	0.117403
1.7831	-0.993063	2.2771	-0.238033	2.5782	-0.483388	0.5048	-0.0413885	0.4755	-0.24873
1.9015	-0.703459	2.0965	-0.0351201	2.4851	-0.195156	0.4824	-0.0317525	0.6488	-0.45007
1.8832	-0.423609	1.8789	0.0630552	2.266	0.0912038	0.4549	-0.021547	0.8079	-0.447641
1.7554	-0.1871	1.6563	0.0952983	2.047	0.11318	0.5049	-0.169571	0.8995	-0.341631
1.5551	-0.0185895	1.4415	0.10037	1.8368	0.11625	0.6162	-0.296348	0.9085	-0.198574
1.3193	0.07766	1.1995	0.182931	1.6057	0.184661	0.7706	-0.396309	0.8661	-0.105296
1.0259	0.228698	1.0133	0.0850554	1.4307	0.0849894	0.8566	-0.287793	0.7604	0.017526
0.7901	0.132084	0.852	0.0495654	1.2816	0.0459282	0.8949	-0.211003	0.6148	0.103744
0.58	0.100426	0.7078	0.028836	1.1514	0.0195594	0.8583	-0.0760825	0.4559	0.144472
0.3946	0.068831	0.5501	0.0744597	1.0315	0.0102544	0.786	-0.0070765	0.3053	0.146078
0.2257	0.0533205	0.4282	0.0126231	0.9191	0.0061542	0.6605	0.100441	0.1772	0.120064
0.041	0.10846	0.3189	-0.0016776	0.7915	0.0518032	0.4865	0.206188	0.078	0.079558
-0.1002	0.0345545	0.2171	-0.0058629	0.6905	0.0066822	0.3706	0.113664	0.0674	-0.078987
-0.225	0.0162155	0.1488	-0.0684633	0.5995	-0.0045968	0.4711	-0.290272	0.4788	-0.890349
-0.3367	0.003793	0.204	-0.335049	0.5914	-0.178898	0.6575	-0.470547	0.9479	-1
-0.4324	-0.016161	0.3436	-0.530072	0.7007	-0.439955	0.8127	-0.437075	1.4767	-1
-0.3938	-0.300854	0.4404	-0.453129	0.8449	-0.532239	0.8877	-0.306154	1.8206	-0.951091
-0.2218	-0.600525	0.4654	-0.306745	0.9357	-0.432866	0.8593	-0.120922	2.1179	-0.913477
-0.1068	-0.494091	0.4017	-0.114037	0.932	-0.235836	0.7236	0.084884	2.2312	-0.607028
-0.0672	-0.340167	0.292	-0.0051486	0.8486	-0.0601554	0.5553	0.160984	2.215	-0.38306
-0.1259	-0.126063	0.1591	0.0590421	0.7206	0.0474234	0.3733	0.205617	2.1004	-0.20269
-0.2347	-0.006624	0.019	0.0909171	0.5459	0.165366	0.1785	0.251141	1.928	-0.0876015
-0.3672	0.060882	-0.1402	0.150552	0.3792	0.167811	0.057	0.133495	1.6651	0.098521
-0.5067	0.0948555	-0.259	0.0807447	0.2657	0.0691798	-0.0122	0.0477205	1.3746	0.176188
-0.6667	0.160439	-0.3505	0.0354462	0.1635	0.0573868	0.1138	-0.319329	1.0828	0.20813
-0.7869	0.0952175	-0.2421	-0.396626	0.1953	-0.22822	0.6681	-1	0.8634	0.099821
-0.8811	0.056327	-0.0631	-0.566176	0.3931	-0.601342	1.3923	-1	0.5685	0.268266
-0.7642	-0.39719	0.1025	-0.558216	0.5409	-0.51516	1.8927	-1	0.3885	0.081104
-0.5471	-0.630926	0.1504	-0.317245	0.612	-0.363846	2.2497	-1	0.1999	0.118217
-0.3968	-0.506699	0.1129	-0.133744	0.5921	-0.171542	2.4401	-0.757619	0.0406	0.0843895
-0.3284	-0.341274	-0.0092	0.058596	0.5126	-0.0378672	2.3862	-0.323342	-0.0444	-0.0389285
-0.3485	-0.15127	-0.1449	0.103875	0.3826	0.0830176	2.1089	0.101509	0.2448	-0.748417
-0.4443	0.0214175	-0.3068	0.179243	0.266	0.0683376	1.7098	0.360093	0.753	-1
-0.5522	0.0625365	-0.4262	0.1056	0.1349	0.11425	1.3377	0.349456	1.2079	-1
-0.6591	0.07656	-0.5378	0.104225	0.0376	0.0548706	0.993	0.336535	1.5528	-1
-0.7584	0.076308	-0.606	0.0230871	-0.0585	0.0639996	0.7575	0.164448	1.7621	-0.813052
-0.8629	0.104083	-0.663	0.0083961	-0.1347	0.031623	0.5134	0.206652	1.8069	-0.531362
-0.9364	0.0524845	-0.6963	-0.035289	-0.185	-0.016361	0.3095	0.157213	1.7151	-0.283042
-1.0033	0.051669	-0.7231	-0.0435537	-0.225	-0.032741	0.1113	0.17018	1.5338	-0.107854
-1.0449	0.0087555	-0.7549	-0.026973	-0.268	-0.020745	-0.016	0.0579165	1.3023	0.003774
-1.0803	0.005385	-0.7837	-0.0274659	-0.3044	-0.0296282	0.0327	-0.264891	1.0998	-0.029625
-1.1054	-0.007706	-0.7413	-0.17985	-0.3315	-0.0452432	0.327	-0.743922	0.7879	0.200784
-1.1186	-0.025519	-0.5433	-0.52874	-0.2368	-0.311914	0.8327	-1	0.5221	0.147089
-1.0843	-0.123963	-0.3364	-0.571249	0.012	-0.665404	1.1827	-0.956943	0.3256	0.044301
-0.8836	-0.493069	-0.2027	-0.432965	0.187	-0.531798	1.5585	-1	0.0603	0.199675
-0.6511	-0.584494	-0.1626	-0.240729	0.2772	-0.365096	1.711	-0.681187	-0.1047	0.039459
-0.4728	-0.489706	-0.2095	-0.0517725	0.2574	-0.132235	1.7	-0.394066	-0.2883	0.0964125
-0.3703	-0.340974	-0.2989	0.0491022	0.1777	0.0027638	1.5626	-0.157872	-0.4563	0.090774
-0.3789	-0.104738	-0.4028	0.0932286	0.0486	0.121899	1.2519	0.185093	-0.6075	0.0817155
-0.455	0.048419	-0.5253	0.148564	-0.065	0.103111	0.9906	0.122576	-0.7411	0.069773
-0.57	0.146759	-0.6144	0.0909597	-0.185	0.131321	0.7453	0.119486	-0.6605	-0.322157
-0.6842	0.162204	-0.6944	0.0835329	-0.2665	0.0607836	0.5628	0.0255315	-0.5124	-0.458867
-0.758	0.09001	-0.7327	0.002757	-0.3378	0.0485952	0.3902	0.0264725	-0.4183	-0.370867
-0.8072	0.04829	-0.7707	0.0089991	-0.3805	-0.0055798	0.2224	0.0368565	-0.3608	-0.310083
-0.8376	0.016646	-0.7933	-0.018249	-0.4111	-0.0264956	-0.0241	0.208217	-0.3746	-0.178214
-0.8583	0.0030515	-0.8131	-0.0193137	-0.4396	-0.0266064	-0.2186	0.13905	-0.4437	-0.0681635
-0.8674	-0.0158795	-0.8264	-0.0288885	-0.4665	-0.0258054	-0.3798	0.100353	-0.5491	0.01257
-0.8717	-0.021085	-0.8409	-0.0221058	-0.4845	-0.0413664	-0.5124	0.067347	-0.6945	0.10549
-0.8736	-0.021529	-0.8508	-0.0280254	-0.5121	-0.0168702	-0.6431	0.0828265	-0.8168	0.0826705
-0.8749	-0.0182585	-0.8359	-0.0793857	-0.5321	-0.029366	-0.6832	-0.0720255	-0.9263	0.077402
-0.8756	-0.0150565	-0.6743	-0.404825	-0.4366	-0.282503	-0.5205	-0.453987	-0.9868	0.001396
-0.8744	-0.0148185	-0.4556	-0.549612	-0.1974	-0.612582	-0.3093	-0.565084	-0.8338	-0.397095
-0.7549	-0.273814	-0.2571	-0.530241	-0.0342	-0.472498	-0.2085	-0.377418	-0.6242	-0.521006
-0.4865	-0.616279	-0.1829	-0.277566	0.0499	-0.316579	-0.1584	-0.291378	-0.499	-0.381615
-0.2555	-0.564182	-0.2337	-0.0082689	0.0469	-0.133403	-0.1758	-0.166911	-0.4521	-0.244042
-0.1441	-0.325669	-0.3389	0.119612	-0.0362	0.0448512	-0.2568	-0.041427	-0.4811	-0.101537
-0.133	-0.115706	-0.4877	0.230491	-0.1857	0.202603	-0.3801	0.0514095	-0.553	-0.012924
-0.2083	0.075811	-0.6212	0.216244	-0.2926	0.126556	-0.4699	0.004235	-0.6502	0.047531
-0.3017	0.126538	-0.7074	0.129381	-0.3849	0.107742	-0.5775	0.0520745	-0.7554	0.078332
-0.4117	0.176656	-0.741	0.0251757	-0.4422	0.042002	-0.6835	0.065332	-0.8748	0.122594
-0.4961	0.135505	-0.7372	-0.0516087	-0.4663	-0.0238934	-0.7415	-0.0104005	-0.9457	0.0485305
-0.5428	0.0646525	-0.7128	-0.0956583	-0.4747	-0.054906	-0.6087	-0.366733	-1.03	0.0879165
-0.5535	-0.006896	-0.6913	-0.0900744	-0.4749	-0.0711522	-0.4279	-0.47269	-1.0848	0.0468165
-0.5427	-0.0506285	-0.6753	-0.0784185	-0.4774	-0.0650674	-0.3217	-0.349545	-1.1306	0.0417655
-0.5256	-0.0632825	-0.6745	-0.044571	-0.489	-0.0435874	-0.3113	-0.176796	-1.1563	0.014451
-0.5058	-0.0687995	-0.6316	-0.136234	-0.5005	-0.0414164	-0.3723	-0.039095	-1.1646	-0.01005
-0.493	-0.0531705	-0.4681	-0.40771	-0.3871	-0.31654	-0.4633	0.0281415	-1.157	-0.033797
-0.4867	-0.037843	-0.3287	-0.372842	-0.2569	-0.36693	-0.5885	0.107668	-0.945	-0.422432
-0.3814	-0.256472	-0.2739	-0.200936	-0.15	-0.330528	-0.7322	0.161873	-0.6803	-0.545654
-0.2058	-0.424145	-0.2926	-0.0434643	-0.1318	-0.146179	-0.8013	0.0398915	-0.4705	-0.469658
-0.0771	-0.340713	-0.3722	0.0950943	-0.1797	-0.0012614	-0.8743	0.060043	-0.3467	-0.32798
-0.0392	-0.154385	-0.4795	0.167579	-0.2823	0.126485	-0.9168	0.014827	-0.2991	-0.195037
-0.071	-0.0038445	-0.5603	0.123306	-0.4017	0.176897	-0.9483	0.0035485	-0.3066	-0.093424
-0.1519	0.109733	-0.6246	0.0982455	-0.4833	0.108275	-0.977	0.0068375	-0.366	0.008954
-0.2297	0.113708	-0.5127	-0.283664	-0.5079	-0.007457	-1.0006	0.0054925	-0.459	0.082889
-0.3093	0.128586	-0.3829	-0.335682	-0.3731	-0.357627	-1.0115	-0.011002	-0.5405	0.0746715
-0.3507	0.0550875	-0.2692	-0.314708	-0.2452	-0.357994	-0.9206	-0.200547	-0.6146	0.0733165
-0.2495	-0.255269	-0.2314	-0.15916	-0.1385	-0.326001	-0.6331	-0.585761	-0.6875	0.083342
-0.0933	-0.389046	-0.2463	-0.045963	-0.1144	-0.155205	-0.4065	-0.501301	-0.7411	0.0587395
0.0355	-0.34714	-0.3132	0.0722046	-0.1703	0.019844	-0.2388	-0.414211	-0.7683	0.018325
0.0799	-0.175627	-0.3869	0.0964893	-0.2516	0.0834432	-0.1897	-0.205675	-0.7824	0.000349
0.0589	-0.036062	-0.4515	0.0864858	-0.3432	0.116752	-0.2073	-0.082466	-0.7841	-0.0178465
0.0148	0.017666	-0.4315	-0.0922797	-0.382	0.0112916	-0.264	-0.003962	-0.7787	-0.027381
-0.0669	0.106765	-0.386	-0.150132	-0.3663	-0.10431	-0.3754	0.109743	-0.7651	-0.0399475
-0.1306	0.0772615	-0.3475	-0.139009	-0.35	-0.106826	-0.46	0.073955	-0.6838	-0.168145
-0.1216	-0.0758805	-0.3368	-0.0809028	-0.3369	-0.101004	-0.5187	0.0369725	-0.5074	-0.357955
-0.0789	-0.15138	-0.3525	-0.0225213	-0.3405	-0.064821	-0.5811	0.054026	-0.2332	-0.565734
-0.0424	-0.142528	-0.383	0.0133677	-0.3599	-0.0285932	-0.644	0.065694	-0.1253	-0.278715
-0.0222	-0.110611	-0.3735	-0.0706518	-0.3909	0.0002686	-0.6854	0.035389	-0.0167	-0.292924
-0.0287	-0.0536175	-0.3039	-0.204302	-0.3753	-0.0987128	-0.714	0.019351	0.0267	-0.180905
-0.0608	0.0042985	-0.2529	-0.170603	-0.2937	-0.246517	-0.7336	0.009171	-0.0019	-0.0478635
-0.099	0.0221875	-0.2094	-0.159445	-0.2469	-0.17856	-0.7409	-0.0083885	-0.0682	0.0282935
-0.0551	-0.155215	-0.2072	-0.0723576	-0.2185	-0.142891	-0.7422	-0.0153215	-0.1927	0.148957
0.0108	-0.209377	-0.2342	-0.007095	-0.2306	-0.0559274	-0.7402	-0.0178005	-0.2826	0.098878
0.0634	-0.188076	-0.2934	0.0685092	-0.2716	0.0102258	-0.6548	-0.174894	-0.3532	0.074376
0.0855	-0.127105	-0.3509	0.0728919	-0.3309	0.0564336	-0.4851	-0.344573	-0.4046	0.048007
0.0674	-0.0408505	-0.4119	0.0887976	-0.3957	0.076551	-0.221	-0.54508	-0.4496	0.044135
0.0111	0.04607	-0.4483	0.0428505	-0.4552	0.0734714	-0.0543	-0.389493	-0.4629	-0.0090145
-0.0501	0.0639545	-0.4675	0.010437	-0.5102	0.0716418	0.0461	-0.282431	-0.4676	-0.0215925
-0.1082	0.0649575	-0.4693	-0.0244791	-0.539	0.0211558	0.0419	-0.0938565	-0.4634	-0.0357995
-0.1563	0.050511	-0.405	-0.16979	-0.5505	-0.0126932	-0.0202	0.0179165	-0.45	-0.0517175
-0.1975	0.0419525	-0.2826	-0.30564	-0.4948	-0.159508	-0.0956	0.0513825	-0.256	-0.398798
-0.2207	0.00804	-0.1997	-0.232039	-0.3965	-0.259971	-0.1892	0.0963205	-0.0918	-0.364403
-0.2259	-0.0280065	-0.16	-0.145603	-0.3014	-0.26406	-0.26	0.0650765	0.0323	-0.307276
-0.1475	-0.212237	-0.1683	-0.0433023	-0.2611	-0.153294	-0.3168	0.0482765	0.0627	-0.142577
-0.0553	-0.252004	-0.2252	0.0662613	-0.2673	-0.054365	-0.3687	0.047528	0.0494	-0.0625685
0.0265	-0.240113	-0.2938	0.0999447	-0.3207	0.0518044	-0.4035	0.0229415	-0.0149	0.037022
0.0502	-0.121198	-0.3052	-0.0178917	-0.3867	0.0869578	-0.4215	-0.003031	-0.0871	0.0603415
0.0304	-0.027624	-0.26	-0.141396	-0.4104	0.0017926	-0.4262	-0.024276	-0.1605	0.072112
-0.0358	0.077939	-0.2081	-0.161069	-0.3782	-0.118705	-0.4256	-0.03176	-0.2201	0.0555245
-0.1067	0.0968505	-0.169	-0.138374	-0.334	-0.148541	-0.4169	-0.0452995	-0.1628	-0.160957
-0.1127	-0.038156	-0.1644	-0.0659832	-0.3001	-0.130379	-0.2562	-0.336902	-0.0691	-0.237376
-0.0681	-0.149427	-0.1864	-0.006924			-0.13	-0.289296	0.0261	-0.25163
-0.0219	-0.158222	-0.2279	0.0396897			0.0101	-0.331179	0.0602	-0.146043
0.012	-0.13652	-0.288	0.0868257			0.0709	-0.196089	0.0649	-0.094012
0.0119	-0.0651675	-0.3429	0.0835224			0.0771	-0.098939	0.0437	-0.0450665
-0.0214	0.0086555	-0.3771	0.0452877			0.0409	-0.0184795	-0.0135	0.026665
-0.0678	0.0420725	-0.3848	-0.0082839			-0.0368	0.0657285	-0.0619	0.0169425
-0.118	0.0566665	-0.3763	-0.042195			-0.1282	0.101998	-0.0854	-0.0246305
-0.1723	0.072654	-0.3193	-0.149927			-0.1947	0.066131	-0.0626	-0.110393
-0.2062	0.034913	-0.2044	-0.284692			-0.1402	-0.157508	-0.0447	-0.103498
-0.2256	0.007919	-0.1227	-0.224408			-0.0466	-0.238887	-0.0381	-0.0837595
-0.2321	-0.0172305	-0.0815	-0.144057			0.0369	-0.230911	-0.0481	-0.052439
-0.203	-0.0944675	-0.0944	-0.0286161			0.0891	-0.181281	-0.0729	-0.0224585
-0.1031	-0.25462	-0.1462	0.0597285			0.0842	-0.078334	-0.1081	0.001026
-0.0306	-0.205627	-0.2356	0.150123			0.027	0.022535	-0.0924	-0.092016
0.0047	-0.131766	-0.2654	0.0293355			-0.0616	0.089995	-0.0241	-0.194771
-0.0073	-0.03096	-0.2375	-0.09447			-0.0997	0.0041655	0.0457	-0.206076
-0.0526	0.044669	-0.1967	-0.125866			-0.0911	-0.080471	0.073	-0.133217
-0.1266	0.114452	-0.1527	-0.137408			-0.0709	-0.10342	0.064	-0.067117
-0.164	0.0429	-0.1348	-0.0843414			-0.0593	-0.089036		
-0.1343	-0.100902	-0.1393	-0.0363435			-0.0635	-0.0597745		
-0.085	-0.147553	-0.1642	0.0099771			-0.0821	-0.031212		
-0.0244	-0.178433	-0.2101	0.0602154			-0.1116	-0.007494		
-0.0056	-0.0928815	-0.2511	0.0555987			-0.0989	-0.0844835		
-0.017	-0.0280085	-0.2836	0.0424995			-0.0265	-0.200499		
-0.0539	0.030239	-0.3058	0.0244509			0.0475	-0.212496		
-0.1046	0.065826	-0.3098	-0.0123597			0.0774	-0.137091		
-0.1572	0.076914	-0.3023	-0.0365028			0.0769	-0.082696		
-0.2013	0.0653625	-0.285	-0.0583038			0.0495	-0.0312355		
-0.2305	0.038729	-0.2722	-0.0495732			-0.0311	0.074352		
-0.2427	0.0057065	-0.2381	-0.0976809			-0.1178	0.096325		
-0.2393	-0.026265	-0.1556	-0.208754			-0.1838	0.067904		
-0.2246	-0.050636	-0.0827	-0.197094			-0.2411	0.0603255		
-0.2046	-0.063143	-0.0359	-0.147792			-0.2708	0.0155635		
