CTE(0.05,0.001,0.5)	Steer_value(0.05,0.001,0.5)	CTE(0.05,0.0001,0.5)	Steer_value(0.05,0.0001,0.5)	CTE(0.05,0.001,1)	Steer_value(0.05,0.001,1)	CTE(0.05,0.001, 0.7)	Steer_value(0.05,0.001, 0.7)	CTE(0.05,0.0001, 1)	Steer_value(0.05,0.0001, 1)	CTE(0.1,0.0001, 1)	Steer_value(0.1,0.0001, 1)
0.7598	-0.41865	0.7598	-0.417966	0.7598	-0.79855	0.7598	-0.57061	0.7598	-0.797866	0.7598	-0.835856
0.7598	-0.0395096	0.7598	-0.038142	0.7598	-0.0395096	0.7598	-0.0395096	0.7598	-0.038142	0.7598	-0.076132
0.7598	-0.0402694	0.7598	-0.0382179	0.7598	-0.0402694	0.7598	-0.0402694	0.7598	-0.0382179	0.7598	-0.0762079
0.7599	-0.0410843	0.7598	-0.0382939	0.7599	-0.0411343	0.7598	-0.0410292	0.7599	-0.0383989	0.7598	-0.0762839
0.7597	-0.041684	0.7599	-0.0384249	0.7597	-0.041584	0.7598	-0.041789	0.7597	-0.0381649	0.7597	-0.0762499
0.7595	-0.0424335	0.7597	-0.0383409	0.7594	-0.0422284	0.7597	-0.0424737	0.7594	-0.0381258	0.7593	-0.0759858
0.7591	-0.0430726	0.7595	-0.0384068	0.759	-0.0428674	0.7593	-0.043003	0.759	-0.0380817	0.7587	-0.0758017
0.7586	-0.0437562	0.7592	-0.0384178	0.7585	-0.0435009	0.7589	-0.0437419	0.7583	-0.0378226	0.7581	-0.0758175
0.7581	-0.0444893	0.7589	-0.0384786	0.7581	-0.044339	0.7584	-0.0444053	0.7578	-0.0380734	0.7573	-0.0756132
0.7576	-0.0452219	0.7583	-0.0383745	0.7573	-0.0446563	0.7578	-0.0450631	0.7571	-0.0379141	0.7565	-0.0756089
0.7569	-0.0458438	0.7578	-0.0384753	0.7566	-0.0454779	0.7572	-0.0457903	0.7561	-0.0376397	0.7553	-0.0751644
0.7559	-0.0463997	0.757	-0.0383609	0.7558	-0.0460937	0.7562	-0.0462165	0.7552	-0.0377702	0.754	-0.0750098
0.7545	-0.0468842	0.7548	-0.0376264	0.7545	-0.0462832	0.7551	-0.0468466	0.7539	-0.0373806	0.7523	-0.074515
0.7533	-0.0476775	0.7538	-0.0382518	0.753	-0.0467612	0.7537	-0.0473203	0.7524	-0.0371808	0.7503	-0.0740901
0.7516	-0.0480941	0.7522	-0.037947	0.7511	-0.0470173	0.7524	-0.0480777	0.7509	-0.0371809	0.748	-0.0736349
0.7496	-0.0485937	0.7503	-0.0377771	0.7495	-0.0479868	0.7505	-0.0483132	0.7484	-0.0361307	0.7452	-0.0729294
0.7472	-0.0490209	0.7481	-0.0375919	0.7475	-0.0482343	0.7483	-0.0487415	0.7455	-0.0356603	0.742	-0.0722836
0.7443	-0.0493702	0.7456	-0.0373914	0.7441	-0.0474084	0.7457	-0.0490772	0.7433	-0.0363246	0.7383	-0.0714874
0.7411	-0.0498013	0.7421	-0.0367906	0.7408	-0.0480842	0.7426	-0.0493148	0.7396	-0.0347136	0.7339	-0.0704208
0.7364	-0.0495527	0.7387	-0.0367445	0.737	-0.0481312	0.739	-0.0495238	0.7361	-0.0348122	0.7289	-0.0693937
0.732	-0.0502147	0.7349	-0.036428	0.7327	-0.0481489	0.7349	-0.0497037	0.7323	-0.0343954	0.7232	-0.068196
0.7271	-0.0504468	0.7298	-0.035596	0.7279	-0.0481368	0.7303	-0.049854	0.7272	-0.0329132	0.7155	-0.0654976
0.7204	-0.0499322	0.7251	-0.0356335	0.7226	-0.0480944	0.724	-0.049073	0.7225	-0.0331504	0.7083	-0.0653484
0.7141	-0.0505313	0.7199	-0.0351955	0.7167	-0.0479161	0.7168	-0.0487998	0.7164	-0.031517	0.6986	-0.0619483
0.7072	-0.0505935	0.7143	-0.0347869	0.7101	-0.0475962	0.7102	-0.0496	0.712	-0.0330682	0.6896	-0.0618172
0.6979	-0.0496264	0.707	-0.0336426	0.7014	-0.0457626	0.7029	-0.0494479	0.7062	-0.0314489	0.6818	-0.0623054
0.6894	-0.0502908	0.7017	-0.0344478	0.6933	-0.0466509	0.6949	-0.0492528	0.6998	-0.0305988	0.6712	-0.0585125
0.6801	-0.0501059	0.6932	-0.0324921	0.6846	-0.0463005	0.6843	-0.0475871	0.693	-0.0299281	0.6596	-0.0564185
0.6699	-0.0498158	0.6854	-0.0325206	0.6752	-0.0458057	0.6745	-0.0483316	0.6909	-0.0345922	0.6471	-0.0543332
0.6608	-0.0505716	0.6786	-0.0327485	0.6666	-0.0468423	0.6643	-0.0482059	0.6949	-0.0409617	0.6348	-0.0533667
0.6607	-0.0557273	0.6797	-0.0368215	0.6668	-0.0563191	0.6593	-0.0522552	0.6964	-0.0386064	0.6298	-0.0602297
0.6557	-0.053683	0.68	-0.0365045	0.6634	-0.0532125	0.6596	-0.0566398	0.703	-0.0441067	0.6246	-0.0595721
0.653	-0.055351	0.6806	-0.0367525	0.6614	-0.0551739	0.6541	-0.0529589	0.7126	-0.0476579	0.6177	-0.0572439
0.6546	-0.0582356	0.6879	-0.0405363	0.6638	-0.0603577	0.6542	-0.0575381	0.7229	-0.0489452	0.6155	-0.0617854
0.6583	-0.0601289	0.6969	-0.041906	0.6693	-0.064402	0.6582	-0.0611263	0.7325	-0.0487985	0.6158	-0.064377
0.6617	-0.0608106	0.7059	-0.0424266	0.6732	-0.0636702	0.6619	-0.0617632	0.7416	-0.0488276	0.6158	-0.0641386
0.6641	-0.0610947	0.7146	-0.0427831	0.676	-0.0633862	0.6646	-0.0618628	0.7501	-0.0487276	0.6144	-0.06266
0.6655	-0.0613302	0.7229	-0.0430703	0.6776	-0.0629438	0.6661	-0.0617639	0.758	-0.0485984	0.6125	-0.0620313
0.6657	-0.0614059	0.7307	-0.0432834	0.6781	-0.0625469	0.6666	-0.0617555	0.7652	-0.0483349	0.6081	-0.0591521
0.6644	-0.0612553	0.7394	-0.0442424	0.6771	-0.061674	0.6659	-0.0615464	0.7718	-0.0481421	0.6032	-0.0582224
0.6625	-0.0615228	0.7461	-0.043652	0.6749	-0.0610389	0.6639	-0.0612003	0.7785	-0.048655	0.597	-0.0563621
0.6579	-0.0606007	0.7521	-0.0436772	0.6712	-0.0600251	0.6606	-0.0607859	0.784	-0.0478084	0.5895	-0.0543711
0.6525	-0.0605832	0.7574	-0.0436679	0.6661	-0.0590362	0.6559	-0.0602268	0.7876	-0.0461671	0.5808	-0.0523591
0.6455	-0.0600787	0.7619	-0.0435691	0.658	-0.0562892	0.6496	-0.0594414	0.79	-0.0451661	0.5707	-0.0500062
0.6368	-0.0594305	0.7656	-0.0434307	0.6495	-0.0561137	0.6399	-0.0572163	0.7915	-0.0444203	0.5592	-0.0475121
0.6264	-0.0586869	0.769	-0.0435276	0.6394	-0.0546481	0.63	-0.0572113	0.792	-0.0435245	0.5438	-0.0421265
0.6142	-0.0577911	0.7707	-0.0428396	0.6278	-0.0531959	0.6185	-0.0561348	0.7917	-0.0427887	0.5296	-0.0419595
0.5972	-0.0551383	0.7714	-0.0424518	0.6145	-0.0514454	0.6024	-0.0527122	0.7905	-0.0419077	0.5144	-0.0394909
0.581	-0.0553093	0.7712	-0.0420689	0.5996	-0.0497	0.5904	-0.0555726	0.7875	-0.0400365	0.4982	-0.0369207
0.5668	-0.0561661	0.7698	-0.0414759	0.5795	-0.0440745	0.5703	-0.0494679	0.7846	-0.0400699	0.4807	-0.0339188
0.5471	-0.0529782	0.7676	-0.0410426	0.5607	-0.0449952	0.5552	-0.0527681	0.7789	-0.0370628	0.4621	-0.031005
0.5253	-0.0513635	0.7639	-0.040184	0.5362	-0.0386064	0.5306	-0.0454187	0.7728	-0.0364351	0.4427	-0.0283093
0.5013	-0.0495648	0.7592	-0.0395249	0.5142	-0.0405206	0.5078	-0.0460465	0.7659	-0.0353667	0.4224	-0.0254215
0.4806	-0.0506604	0.7531	-0.0385953	0.4907	-0.0383363	0.4834	-0.0441899	0.7577	-0.0337325	0.4013	-0.0225516
0.453	-0.0462834	0.7459	-0.0377599	0.466	-0.0363673	0.4572	-0.0420771	0.7486	-0.0324523	0.3795	-0.0197096
0.4232	-0.0441166	0.7393	-0.0378038	0.4395	-0.0336818	0.4349	-0.044127	0.7384	-0.0309161	0.3528	-0.0121749
0.3915	-0.0419731	0.73	-0.0360618	0.4118	-0.0315086	0.4055	-0.0380925	0.7295	-0.0318441	0.3303	-0.0141579
0.3578	-0.0396459	0.7194	-0.0349537	0.3827	-0.0290363	0.3679	-0.0308404	0.7178	-0.0285309	0.3081	-0.0122687
0.315	-0.0332709	0.7074	-0.0337245	0.3525	-0.0267788	0.3347	-0.0325951	0.7048	-0.0266514	0.2813	-0.00501685
0.2773	-0.0342132	0.6944	-0.0326439	0.3211	-0.0243299	0.2935	-0.0252286	0.6911	-0.0253355	0.259	-0.00731275
0.2462	-0.0362044	0.6802	-0.0314019	0.2889	-0.0222088	0.2504	-0.021994	0.6765	-0.0237731	0.2374	-0.00587649
0.1977	-0.0252771	0.665	-0.0302084	0.2557	-0.0198045	0.2135	-0.0247025	0.6614	-0.0225843	0.2163	-0.00428812
0.1554	-0.0264175	0.6519	-0.0306686	0.222	-0.0178415	0.176	-0.0225835	0.6424	-0.0177985	0.1956	-0.00263768
0.112	-0.0238095	0.6347	-0.0278221	0.1808	-0.0084623	0.1452	-0.0258787	0.6259	-0.0195361	0.1756	-0.00135524
0.0676	-0.0211571	0.6164	-0.0264187	0.153	-0.0206253	0.0981	-0.0122118	0.6093	-0.018667	0.1565	-0.00036089
0.0131	-0.0133952	0.5971	-0.0250134	0.1184	-0.0122137	0.0575	-0.0147893	0.5924	-0.0175813	0.1385	0.00032526
-0.0332	-0.015147	0.5812	-0.0259766	0.0904	-0.0175041	0.0167	-0.012626	0.5753	-0.0165838	0.1215	0.00101311
-0.0703	-0.0178217	0.5606	-0.0226526	0.0556	-0.0090197	-0.024	-0.010637	0.5585	-0.0160996	0.1057	0.00138254
-0.1169	-0.0106248	0.5391	-0.0211815	0.0131	0.0007922	-0.0649	-0.0083871	0.5515	-0.0256048	0.0912	0.00152342
-0.1719	-0.0035029	0.517	-0.0198282	-0.0144	-0.0128184	-0.1029	-0.0084142	0.5568	-0.0382255	0.0811	-0.00187469
-0.2067	-0.0116562	0.4988	-0.0209181	-0.0284	-0.02559	-0.1287	-0.0155355	0.5775	-0.0547182	0.0853	-0.0166032
-0.2297	-0.0161765	0.4969	-0.0290228	-0.0274	-0.0406126	-0.1407	-0.0244548	0.5953	-0.0527678	0.1086	-0.0380441
-0.2384	-0.0226531	0.5101	-0.0372838	-0.0231	-0.0441045	-0.1434	-0.0306864	0.6119	-0.0524589	0.1368	-0.0457778
-0.2467	-0.0221914	0.5235	-0.0381061	-0.0221	-0.0408324	-0.1462	-0.0303302	0.622	-0.0465261	0.163	-0.0464141
-0.2559	-0.0210255	0.5351	-0.0378397	-0.0239	-0.0379185	-0.1505	-0.0289147	0.6288	-0.043629	0.191	-0.0510332
-0.2657	-0.0199698	0.5465	-0.0383643	-0.0291	-0.0342294	-0.1575	-0.0265172	0.6328	-0.0410923	0.2113	-0.0453843
-0.2781	-0.0177717	0.5539	-0.0367897	-0.0356	-0.0325688	-0.1632	-0.026979	0.6344	-0.0388357	0.2285	-0.0440271
-0.2911	-0.0165306	0.5602	-0.0366107	-0.0439	-0.0303099	-0.1711	-0.0248729	0.6331	-0.0359341	0.2432	-0.0430215
-0.3021	-0.0166785	0.5634	-0.0352771	-0.0538	-0.0281611	-0.1819	-0.022121	0.6296	-0.033622	0.2553	-0.041657
-0.313	-0.0158705	0.5648	-0.0345035	-0.0651	-0.026131	-0.194	-0.020412	0.6229	-0.0301493	0.2666	-0.0420136
-0.3262	-0.0137343	0.5642	-0.03353	-0.0803	-0.0213907	-0.2069	-0.0190001	0.6153	-0.0289308	0.2734	-0.038221
-0.3373	-0.013892	0.562	-0.0326762	-0.0941	-0.0220066	-0.2182	-0.0193369	0.6062	-0.0270365	0.2775	-0.0359587
-0.3479	-0.0132641	0.5569	-0.0310268	-0.1087	-0.0203679	-0.232	-0.0166649	0.5935	-0.0228608	0.2797	-0.0343067
-0.3625	-0.0101716	0.5508	-0.0302769	-0.1268	-0.0158361	-0.2438	-0.0172311	0.5816	-0.023124	0.2793	-0.0316946
-0.3704	-0.0127562	0.5415	-0.0282661	-0.1425	-0.0173086	-0.2581	-0.014508	0.5688	-0.0216408	0.2769	-0.0294823
-0.3797	-0.0112115	0.532	-0.0277443	-0.1583	-0.0162603	-0.2701	-0.0152479	0.5525	-0.0173811	0.2729	-0.0275096
-0.3901	-0.0097514	0.5211	-0.0265514	-0.1741	-0.0152962	-0.2818	-0.0145911	0.5382	-0.0187199	0.2662	-0.0241662
-0.3982	-0.0100982	0.5064	-0.023967	-0.19	-0.0142112	-0.2957	-0.0120604	0.5236	-0.0177423	0.2592	-0.0231922
-0.4067	-0.0090665	0.4899	-0.022291	-0.2089	-0.0100573	-0.307	-0.0130084	0.5059	-0.0138079	0.2514	-0.0216373
-0.4128	-0.0095487	0.4751	-0.0224485	-0.2243	-0.012563	-0.3198	-0.0109986	0.491	-0.015912	0.2409	-0.0179114
-0.4189	-0.0088248	0.4595	-0.0213145	-0.2392	-0.0120788	-0.3298	-0.0121288	0.4763	-0.0154246	0.2314	-0.0179845
-0.4236	-0.0088662	0.4432	-0.0201938	-0.2562	-0.0088726	-0.3411	-0.0103127	0.4589	-0.0119005	0.2197	-0.0146365
-0.4263	-0.0093049	0.4262	-0.0190364	-0.2724	-0.0085902	-0.3498	-0.0113479	0.4459	-0.0156951	0.2099	-0.0155775
-0.4279	-0.009347	0.4087	-0.0179523	-0.2848	-0.0114854	-0.3576	-0.0112303	0.4517	-0.0348302	0.1982	-0.0125273
-0.42	-0.014072	0.3878	-0.0152461	-0.2856	-0.0227598	-0.3584	-0.0157319	0.4788	-0.0575331	0.1949	-0.0206168
-0.3794	-0.0320726	0.385	-0.0241946	-0.2611	-0.0490237	-0.3347	-0.0337322	0.5101	-0.0633491	0.2165	-0.0476985
-0.3318	-0.0376208	0.4055	-0.0369101	-0.2187	-0.068825	-0.2869	-0.0527053	0.5419	-0.0654933	0.2527	-0.0659437
-0.2853	-0.0391105	0.4326	-0.0416084	-0.187	-0.059523	-0.2399	-0.0542554	0.562	-0.0548545	0.2869	-0.0673924
-0.2325	-0.044668	0.4622	-0.0443846	-0.1617	-0.0542263	-0.2051	-0.0472503	0.5777	-0.0512973	0.3154	-0.064574
-0.1913	-0.0407367	0.4835	-0.0413479	-0.1392	-0.0524121	-0.1697	-0.0492706	0.5853	-0.0436358	0.3409	-0.064158
-0.1462	-0.0447955	0.5013	-0.0405381	-0.1243	-0.0454328	-0.1449	-0.0429457	0.5861	-0.0369344	0.3548	-0.0539835
-0.1122	-0.0408333	0.5182	-0.0409849	-0.1174	-0.0376604	-0.1208	-0.0435399	0.5812	-0.0310476	0.3629	-0.0490298
-0.0762	-0.0435571	0.5286	-0.0383078	-0.1152	-0.0329552	-0.1051	-0.0383398	0.5733	-0.0277099	0.3633	-0.0414061
-0.0501	-0.039862	0.5374	-0.0380015	-0.118	-0.0276972	-0.0913	-0.0376085	0.5605	-0.0222259	0.357	-0.0341118
-0.0235	-0.0414185	0.5396	-0.0348655	-0.122	-0.0261752	-0.0836	-0.0336399	0.5448	-0.0185954	0.3448	-0.0270263
-0.0052	-0.0381783	0.5395	-0.0337644	-0.1306	-0.0210146	-0.0787	-0.0318462	0.5302	-0.0190184	0.3311	-0.0241894
0.0095	-0.0371228	0.5364	-0.0321631	-0.1417	-0.0178179	-0.0779	-0.0289383	0.5117	-0.0142446	0.3153	-0.020541
0.0207	-0.0359535	0.5305	-0.0305211	-0.1523	-0.0176356	-0.0807	-0.0261976	0.4925	-0.0126338	0.2942	-0.0131604
0.0299	-0.0354434	0.5202	-0.0278581	-0.1658	-0.0138948	-0.0855	-0.0244721	0.4766	-0.0151865	0.2756	-0.0138279
0.0341	-0.0331875	0.5065	-0.0255238	-0.1772	-0.0152476	-0.092	-0.0228651	0.458	-0.0116023	0.2533	-0.00792327
0.0353	-0.0317828	0.4959	-0.0265934	-0.1908	-0.0121768	-0.1	-0.0213151	0.4444	-0.0159668	0.2351	-0.0102268
0.0337	-0.0303365	0.4779	-0.0220411	-0.2017	-0.0141301	-0.1132	-0.0169019	0.4582	-0.0441026	0.2178	-0.00941856
0.0298	-0.0290213	0.4576	-0.0199219	-0.2011	-0.025459	-0.1137	-0.0256532	0.5031	-0.0774979	0.2019	-0.00924875
0.0428	-0.0381641	0.4446	-0.0229664	-0.1688	-0.0586052	-0.0893	-0.0442139	0.5393	-0.0706618	0.2055	-0.0291293
0.0965	-0.0612956	0.4561	-0.035837	-0.1262	-0.070909	-0.04	-0.0640689	0.5721	-0.068959	0.2449	-0.0688938
0.1369	-0.0568025	0.4944	-0.0512014	-0.0818	-0.0748472	-0.002	-0.0580569	0.5924	-0.0575333	0.2837	-0.0722022
0.1773	-0.0589998	0.5314	-0.0524546	-0.0532	-0.060424	0.0301	-0.055562	0.5998	-0.0450632	0.3172	-0.0702839
0.2082	-0.056003	0.5572	-0.0482003	-0.0307	-0.0554183	0.0597	-0.0553517	0.5987	-0.0365681	0.3465	-0.0690485
0.2292	-0.0523322	0.581	-0.0484484	-0.0202	-0.0439231	0.0801	-0.0500118	0.591	-0.0296422	0.3616	-0.0563947
0.239	-0.0474612	0.5949	-0.0442529	-0.02	-0.0336131	0.0897	-0.0430215	0.5754	-0.0210198	0.3682	-0.0485915
0.2421	-0.0445083	0.6045	-0.0426433	-0.0286	-0.0243545	0.093	-0.0388695	0.5546	-0.0148352	0.3637	-0.0370779
0.2379	-0.0408862	0.6068	-0.039169	-0.0402	-0.0207343	0.0871	-0.0322216	0.5307	-0.0105933	0.3496	-0.0261028
0.2281	-0.0378243	0.602	-0.0354392	-0.0611	-0.0103282	0.0796	-0.0308062	0.5055	-0.00808383	0.3324	-0.0213161
0.2096	-0.0327589	0.5908	-0.0317383	-0.0779	-0.0135103	0.0669	-0.0265981	0.4807	-0.0072919	0.3073	-0.0109368
0.1892	-0.0309781	0.574	-0.0281557	-0.0948	-0.0124705	0.0475	-0.0209856	0.4612	-0.011663	0.2795	-0.00548476
0.165	-0.0280331	0.5523	-0.0246759	-0.1146	-0.0084659	0.0203	-0.0141859	0.4431	-0.0122023	0.2562	-0.00768038
0.1316	-0.0218947	0.5266	-0.0214436	-0.1338	-0.0079721	0.0034	-0.0205543	0.4229	-0.00913462	0.2296	-0.00174334
0.0942	-0.0181189	0.5029	-0.0213089	-0.1485	-0.0115886	-0.0226	-0.0128617	0.418	-0.0242314	0.2089	-0.00559423
0.0542	-0.0148731	0.4726	-0.0165411	-0.1639	-0.0099547	-0.0406	-0.0175211	0.4509	-0.0637215	0.1869	-0.00211292
-0.0208	0.0063977	0.4409	-0.0143002	-0.1503	-0.0394844	-0.0615	-0.0143846	0.5072	-0.0899872	0.1698	-0.0053199
0.0151	-0.0508624	0.4357	-0.0273338	-0.1006	-0.0779688	-0.0552	-0.0336844	0.5457	-0.0741668	0.188	-0.0424587
0.0392	-0.0462066	0.4641	-0.0456002	-0.0504	-0.0809284	-0.0184	-0.056856	0.5653	-0.0563033	0.2397	-0.0811527
0.0614	-0.046428	0.4951	-0.0484997	-0.0119	-0.0711415	0.0175	-0.0580385	0.5741	-0.0460007	0.2828	-0.0768909
0.0764	-0.0436544	0.5212	-0.0474068	0.0084	-0.0539649	0.0457	-0.0541042	0.5698	-0.0327427	0.3183	-0.0728728
0.084	-0.0404184	0.5398	-0.0446408	0.0185	-0.0442884	0.0589	-0.0443231	0.5545	-0.0210332	0.3474	-0.0694175
0.0845	-0.0369779	0.5492	-0.0405657	0.0153	-0.0308437	0.0711	-0.0443042	0.5358	-0.0167518	0.3615	-0.0558637
0.0799	-0.0342778	0.5531	-0.038066	0.0016	-0.0196603	0.0722	-0.0366614	0.509	-0.00736265	0.3617	-0.0420198
0.0708	-0.0316436	0.5507	-0.0348511	-0.0155	-0.0153898	0.0658	-0.0311572	0.4799	-0.00365564	0.3496	-0.0285448
0.0542	-0.0271178	0.5415	-0.0310453	-0.0398	-0.006935	0.0518	-0.025189	0.4558	-0.00749622	0.3268	-0.0155975
0.0402	-0.027758	0.529	-0.0288232	-0.0616	-0.0082834	0.0282	-0.0173172	0.4331	-0.00780453	0.3021	-0.0112577
0.0157	-0.0212987	0.509	-0.024124	-0.0833	-0.0072151	0.0078	-0.018545	0.408	-0.00419033	0.2692	0.00020539
-0.0078	-0.0206159	0.4889	-0.0231179	-0.1081	-0.002767	-0.0184	-0.0131566	0.3854	-0.00559887	0.241	-0.00169871
-0.0383	-0.0155526	0.4615	-0.0181441	-0.1343	7.73E-05	-0.0414	-0.0142052	0.353	0.00578583	0.2088	0.00550041
-0.0651	-0.0159975	0.4365	-0.0181377	-0.1472	-0.0124305	-0.069	-0.0095362	0.3595	-0.0334751	0.1845	1.20E-05
-0.098	-0.0112045	0.4049	-0.0132982	-0.1731	0.0020376	-0.0917	-0.0117395	0.4396	-0.111124	0.1598	0.00286598
-0.1644	0.0090299	0.3444	0.00414233	-0.1518	-0.0460756	-0.1135	-0.011166	0.531	-0.127047	0.1282	0.0129132
-0.1783	-0.0163468	0.3379	-0.0225665	-0.0487	-0.132982	-0.1341	-0.0108419	0.6264	-0.13588	0.1439	-0.0359712
-0.1353	-0.0468115	0.3842	-0.0513199	0.0442	-0.127471	-0.1183	-0.0369936	0.685	-0.102078	0.2074	-0.090142
-0.0453	-0.0747662	0.4708	-0.075847	0.1368	-0.131938	-0.045	-0.0808636	0.7256	-0.0861809	0.2845	-0.11148
0.0268	-0.069448	0.5386	-0.0698908	0.1912	-0.0966491	0.0483	-0.0995769	0.7355	-0.0560494	0.3735	-0.132318
0.0913	-0.0689643	0.6079	-0.0741666	0.2231	-0.0759672	0.1308	-0.0962727	0.7237	-0.0338318	0.4479	-0.125203
0.1649	-0.0773592	0.6542	-0.065047	0.234	-0.0557462	0.1842	-0.0787569	0.6922	-0.012626	0.5107	-0.119934
0.2048	-0.062709	0.6947	-0.0642415	0.2247	-0.0353059	0.2274	-0.0740043	0.6477	0.00253421	0.5383	-0.0875475
0.2324	-0.0581714	0.7161	-0.0558331	0.1956	-0.0142465	0.2489	-0.0601382	0.6058	0.00196863	0.5414	-0.0634116
0.2501	-0.0543565	0.727	-0.0512008	0.1607	-0.0068622	0.2513	-0.0471395	0.5555	0.0128281	0.5163	-0.0327532
0.2533	-0.0475198	0.7228	-0.0435131	0.113	0.0082098	0.2413	-0.0382008	0.5005	0.020228	0.4787	-0.0165411
0.2439	-0.0409937	0.705	-0.0358936	0.0632	0.0127366	0.2164	-0.0267422	0.4729	-0.00583926	0.4212	0.00906678
0.222	-0.0338707	0.6753	-0.0285261	0.0162	0.0122704	0.1803	-0.0172775	0.4618	-0.0218304	0.3564	0.0228111
0.1893	-0.027025	0.636	-0.0218247	-0.0229	0.0063483	0.1443	-0.0156918	0.4836	-0.0558688	0.292	0.0288219
0.1482	-0.0209182	0.5921	-0.0173889	-0.0179	-0.0379838	0.0889	0.0005693	0.5098	-0.0616298	0.234	0.0281985
0.1247	-0.0286679	0.5765	-0.0308166	0.0091	-0.0613429	0.0544	-0.0123901	0.5286	-0.0552226	0.2035	0.00372819
0.1227	-0.0394406	0.5748	-0.0377391	0.0335	-0.0599964	0.045	-0.0295351	0.5416	-0.0501268	0.2109	-0.0349329
0.1189	-0.0384695	0.5692	-0.035566	0.0563	-0.0595927	0.05	-0.0399151	0.5435	-0.0391762	0.2323	-0.0510961
0.1087	-0.0348682	0.56	-0.033362	0.0671	-0.0481998	0.054	-0.0394691	0.5365	-0.0299798	0.2603	-0.0605222
0.0914	-0.0305446	0.5432	-0.0287763	0.0695	-0.0399893	0.0539	-0.036648	0.5229	-0.0227521	0.2835	-0.0580705
0.0718	-0.0284864	0.5247	-0.0270538	0.0621	-0.0298814	0.0483	-0.0325663	0.4998	-0.0121471	0.2971	-0.0498602
0.0483	-0.0254097	0.5024	-0.024089	0.0485	-0.0230499	0.039	-0.0295503	0.4718	-0.00589425	0.2996	-0.0390402
0.0212	-0.0222759	0.4716	-0.0183462	0.0251	-0.012105	0.0225	-0.0237078	0.4419	-0.00254344	0.2924	-0.0286494
-0.0151	-0.0158458	0.437	-0.0147599	-0.0035	-0.0054715	0.0048	-0.0219876	0.4181	-0.00749525	0.2758	-0.017617
-0.0479	-0.0159079	0.4065	-0.0153255	-0.029	-0.0072675	-0.0201	-0.0156825	0.4584	-0.0736561	0.2567	-0.0132327
-0.0887	-0.0097792	0.3754	-0.0135081	-0.0637	0.0037312	-0.0432	-0.0157443	0.5404	-0.11951	0.2301	-0.00309568
-0.1232	-0.011081	0.34	-0.00962206	0.0134	-0.111937	-0.0672	-0.0138471	0.6342	-0.136064	0.2066	-0.00386634
-0.1245	-0.0274915	0.3657	-0.0414936	0.0978	-0.123555	-0.0948	-0.0098523	0.6929	-0.103968	0.2237	-0.0461987
-0.0537	-0.0670278	0.4357	-0.0671872	0.187	-0.133002	-0.0429	-0.0680544	0.7325	-0.0869211	0.3088	-0.12274
0.0312	-0.078354	0.5225	-0.0799794	0.2396	-0.0992716	0.0533	-0.103928	0.7393	-0.054535	0.3879	-0.124688
0.0948	-0.0709788	0.5873	-0.0722782	0.2685	-0.0772851	0.1414	-0.102804	0.7261	-0.0339476	0.4508	-0.114823
0.1475	-0.0683113	0.6406	-0.0692572	0.2744	-0.0548545	0.2098	-0.0926439	0.69	-0.00931163	0.492	-0.0972927
0.1947	-0.068116	0.6882	-0.0688561	0.261	-0.0351455	0.2467	-0.0726856	0.6388	0.00828449	0.5116	-0.0777038
0.227	-0.062508	0.7173	-0.0611328	0.2243	-0.0102348	0.2664	-0.061897	0.5905	0.00774044	0.5042	-0.0500142
0.234	-0.050442	0.7261	-0.0514954	0.1812	-0.001861	0.2639	-0.0464959	0.533	0.0197621	0.4706	-0.0205013
0.2294	-0.0446414	0.7241	-0.0460678	0.1219	0.0171821	0.2414	-0.0316123	0.4796	0.0182842	0.4165	0.00536705
0.2088	-0.0358202	0.7062	-0.0372934	0.0605	0.0222916	0.2095	-0.0236468	0.4413	0.00505505	0.3621	0.0110708
0.1813	-0.0311765	0.6804	-0.0321215	0.0127	0.0110689	0.1687	-0.0155455	0.4051	0.00472454	0.2937	0.0318815
0.146	-0.0256575	0.6464	-0.0263861	-0.0365	0.0149654	0.1123	-0.0019178	0.3824	-0.0076787	0.2386	0.0240676
0.0957	-0.0157382	0.5968	-0.0161658	-0.0702	0.0012206	0.0615	-0.0033593	0.3634	-0.010465	0.1808	0.0325295
0.0487	-0.0150869	0.54	-0.00977979	-0.101	-3.84E-05	0.0005	0.0068302	0.3535	-0.0191054	0.1422	0.0171753
-0.0009	-0.011306	0.4895	-0.0104537	-0.1226	-0.0080358	-0.0487	0.0010789	0.4065	-0.084696	0.1095	0.0145344
-0.0622	-0.0023288	0.4278	-0.00181152	-0.1332	-0.0183726	-0.0945	0.0010834	0.547	-0.179276	0.0933	-0.00035497
-0.1134	-0.0047054	0.3767	-0.00459419	-0.0588	-0.107034	-0.1362	0.0004346	0.7092	-0.209157	0.0865	-0.00908362
0.1752	-0.189211	0.3671	-0.0249009	0.0842	-0.182868	-0.1792	0.0036738	0.8329	-0.176925	0.1488	-0.0844285
-0.0932	0.102803	0.4366	-0.0679696	0.2189	-0.181522	-0.1347	-0.0596665	0.8925	-0.115894	0.2553	-0.139304
-0.0068	-0.0789106	0.5575	-0.0997703	0.3277	-0.16139	-0.0133	-0.119553	0.9116	-0.0764404	0.4037	-0.196084
0.0517	-0.0679373	0.6511	-0.0908654	0.4115	-0.140991	0.1302	-0.142328	0.897	-0.0421001	0.5319	-0.188758
0.1367	-0.085574	0.7304	-0.0877535	0.4411	-0.0887122	0.2514	-0.13303	0.8461	-0.00333967	0.6401	-0.179642
0.1949	-0.0752789	0.8034	-0.0883338	0.4295	-0.0473617	0.3255	-0.10409	0.7839	0.0109919	0.6861	-0.12211
0.2394	-0.0708933	0.8509	-0.0780439	0.3868	-0.0145135	0.3718	-0.0873171	0.7152	0.0208554	0.6862	-0.0762888
0.2728	-0.0672861	0.8714	-0.065656	0.31	0.0231165	0.3929	-0.071125	0.701	-0.0330047	0.6343	-0.0191623
0.2844	-0.0572505	0.8684	-0.0538429	0.2325	0.027459	0.3804	-0.0473604	0.7153	-0.0622912	0.5611	0.00940163
0.2814	-0.0500819	0.8486	-0.0445377	0.2306	-0.0482766	0.3479	-0.0320833	0.7322	-0.0658094	0.4727	0.0333944
0.2774	-0.0496593	0.8855	-0.0748213	0.2403	-0.0606019	0.3162	-0.0313745	0.7387	-0.0558083	0.4068	0.0174437
0.3339	-0.0830682	0.9188	-0.0747782	0.2503	-0.0616522	0.3352	-0.0681497	0.7355	-0.0460219	0.3972	-0.037936
0.3739	-0.0771921	0.9398	-0.0697721	0.2501	-0.0516923	0.3521	-0.0678768	0.718	-0.0309186	0.3925	-0.0424053
0.3999	-0.071892	0.9399	-0.0594211	0.2431	-0.0447854	0.3563	-0.0595531	0.6932	-0.022448	0.3897	-0.0440643
0.4097	-0.0646917	0.9196	-0.0482981	0.2215	-0.0293269	0.3447	-0.0482578	0.6539	-0.00604836	0.3814	-0.0377724
0.4006	-0.0551873	0.8871	-0.0406618	0.1943	-0.0225612	0.3201	-0.0382479	0.6216	-0.0114955	0.3689	-0.0323593
0.3701	-0.0433324	0.8324	-0.02691	0.1609	-0.0148521	0.2756	-0.0223685	0.7186	-0.145717	0.3469	-0.020694
0.3301	-0.0369125	0.7757	-0.0231526	0.1226	-0.0081597	0.2283	-0.0182718	0.8765	-0.2146	0.3234	-0.0168763
0.2676	-0.0228051	0.7375	-0.0305664	0.1959	-0.123621	0.1632	-0.00272	0.988	-0.173874	0.2921	-0.00597553
0.2644	-0.0525595	0.807	-0.0879721	0.3517	-0.214262	-0.1651	0.1981	1.0608	-0.13892	0.3646	-0.117062
0.3342	-0.0928837	0.9052	-0.107323	0.4862	-0.200174	0.2309	-0.328941	1.0931	-0.100144	0.5052	-0.199273
0.4305	-0.111379	1.0081	-0.114918	0.558	-0.141622	0.3792	-0.163345	1.0889	-0.0635431	0.6576	-0.226378
0.5115	-0.108291	1.073	-0.0992707	0.5837	-0.0973902	0.5338	-0.176019	1.043	-0.0196524	0.7477	-0.173163
0.5815	-0.106872	1.1205	-0.0930577	0.5545	-0.0415847	0.6131	-0.127887	0.9785	0.00207474	0.7947	-0.134843
0.6142	-0.0904714	1.1341	-0.0769012	0.4933	-0.007018	0.6593	-0.107686	0.8833	0.0374464	0.7836	-0.0757109
0.6224	-0.0792538	1.1247	-0.0650436	0.3921	0.0376499	0.6587	-0.0755549	0.7975	0.0322567	0.7327	-0.0308941
0.6017	-0.0643705	1.0939	-0.052913	0.2945	0.0386354	0.6162	-0.0447161	0.731	0.0162086	0.65	0.00911086
0.5606	-0.0526761	1.0443	-0.0411374	0.1972	0.0430032	0.5513	-0.0263424	0.6399	0.0452996	0.5243	0.0646284
0.5006	-0.0407267	0.9788	-0.0300103	0.1063	0.0410419	0.4668	-0.0088642	0.5724	0.0250173	0.4105	0.0640674
0.4078	-0.0200945	0.9004	-0.0197304	0.0255	0.0349564	0.3691	0.0048917	0.5169	0.0157406	0.3028	0.0687071
0.3358	-0.0272303	0.7936	-0.00026972	-0.0427	0.0258091	0.2637	0.015288	0.4665	0.013114	0.2078	0.0654863
0.2383	-0.0098436	0.6974	-0.00082946	-0.0972	0.0149313	0.1557	0.0223523	0.4418	-0.0113952	0.1297	0.0563833
0.113	0.0102084	0.5989	0.00518565	-0.1382	0.0036195	0.0497	0.0262026	0.468	-0.063652	0.0623	0.0524171
-0.0168	0.0189652	0.4816	0.0204025	-0.1666	-0.0073939	-0.07	0.0418476	0.6141	-0.190918	0.0289	0.0217542
-0.1233	0.0127635	0.3913	0.0113784	-0.1276	-0.0766163	-0.1605	0.0260931	0.7588	-0.196829	0.0164	0.00210259
-0.204	0.0041025	0.3807	-0.0279797	0.0522	-0.226458	-0.2388	0.0217069	0.8764	-0.175697	0.1719	-0.181465
-0.2328	-0.0201747	0.4605	-0.0772158	0.1986	-0.200577	-0.2224	-0.0451807	0.9656	-0.151853	0.2392	-0.100019
-0.1463	-0.0820034	0.544	-0.0832952	0.3167	-0.178499	-0.116	-0.113385	0.9911	-0.0895276	0.4013	-0.211069
-0.0706	-0.0803178	0.622	-0.0845074	0.3922	-0.140066	-0.0047	-0.122375	0.9856	-0.0583512	0.5408	-0.202473
-0.0002	-0.0811876	0.6883	-0.0820412	0.4258	-0.100272	0.0972	-0.120987	0.9761	-0.0539738	0.6472	-0.180077
0.0683	-0.0837309	0.7484	-0.082021	0.4098	-0.0502816	0.1938	-0.122301	1.0768	-0.169316	0.7084	-0.141068
0.1025	-0.0683934	0.7801	-0.069484	0.4546	-0.113776	0.2561	-0.101662	1.2216	-0.220779	0.7233	-0.0963306
0.1306	-0.066879	0.9208	-0.131111	0.5898	-0.211526	0.2784	-0.0750555	1.3057	-0.164414	0.716	-0.0734722
0.2181	-0.101172	1.0852	-0.15129	0.6974	-0.190003	0.398	-0.149544	1.3427	-0.119298	0.8378	-0.214836
0.4631	-0.192635	1.2683	-0.169921	0.7633	-0.152362	0.5802	-0.203054	1.3337	-0.0729818	0.9491	-0.215561
0.6468	-0.171817	1.4187	-0.161233	0.7798	-0.104567	0.7595	-0.210748	1.2862	-0.0322354	1.0188	-0.181033
0.7968	-0.163264	1.5306	-0.147731	0.7507	-0.0582622	0.8608	-0.162074	1.2092	0.00099365	1.0312	-0.125076
0.9048	-0.148569	1.601	-0.130662	0.6831	-0.0170653	0.9111	-0.1298	1.1127	0.0252074	0.9847	-0.0616244
0.9704	-0.131619	1.6303	-0.11174	0.587	0.0156527	0.9142	-0.0978293	1.0056	0.0410618	0.8954	-0.00998392
0.9938	-0.112683	1.6203	-0.0917516	0.4744	0.0373083	0.876	-0.0678853	1.0144	-0.0753796	0.7743	0.0338486
0.9696	-0.0886424	1.5745	-0.071719	0.3648	0.0394235	0.803	-0.0406783	1.1708	-0.230917	0.6347	0.0662452
0.9093	-0.0684867	1.5008	-0.0542341	0.4476	-0.157564	0.7028	-0.0173311	1.3246	-0.236139	0.4909	0.0847761
0.8683	-0.076955	1.6053	-0.14872	0.5958	-0.23097	0.6317	-0.0347778	1.4474	-0.211424	0.5052	-0.0748044
0.9892	-0.164939	1.7362	-0.168638	0.7318	-0.226302	0.7382	-0.165161	1.5207	-0.165741	0.6412	-0.210169
1.1068	-0.170276	1.839	-0.159912	0.8419	-0.206749	0.8536	-0.178015	1.5416	-0.11454	0.7809	-0.227917
1.1889	-0.15782	1.9033	-0.144067	0.875	-0.132279	0.9444	-0.166279	1.5141	-0.0649165	0.8947	-0.213486
1.2291	-0.140109	1.9263	-0.12476	0.8688	-0.0935374	1.0022	-0.147071	1.5387	-0.1184	0.9641	-0.176123
1.2269	-0.120026	1.9084	-0.103606	0.8402	-0.0705476	1.0049	-0.109641	1.6177	-0.176912	0.9834	-0.128051
1.1842	-0.0988251	1.8922	-0.103835	0.8972	-0.159895	0.9667	-0.0800678	1.6662	-0.149004	0.9609	-0.0840969
1.1537	-0.104554	1.9514	-0.14469	0.9579	-0.167588	0.9696	-0.109952	1.6742	-0.109071	1.0079	-0.158398
1.2151	-0.154789	2.0038	-0.144111	0.9833	-0.134541	1.0435	-0.164391	1.6496	-0.0754062	1.0797	-0.190486
1.2517	-0.145471	2.018	-0.125922	0.9658	-0.0917318	1.0892	-0.148025	1.5857	-0.0330698	1.1137	-0.156197
1.2507	-0.127871	1.9869	-0.101916	0.9071	-0.0485039	1.0979	-0.123658	1.4916	0.00168609	1.1009	-0.108227
1.2105	-0.107472	1.9184	-0.079983	0.8139	-0.0101578	1.0661	-0.0947841	1.3763	0.0285135	1.0411	-0.0553513
1.1327	-0.0859145	1.8159	-0.0580396	0.6955	0.0202667	0.9966	-0.0659157	1.25	0.0457035	0.9414	-0.00557542
1.0206	-0.0641801	1.6843	-0.037078	0.5344	0.0704873	0.8942	-0.0386599	1.1222	0.0534812	0.8124	0.0365433
0.8784	-0.0428985	1.5292	-0.0177259	0.3685	0.0832138	0.7652	-0.0143551	1.0022	0.051581	0.6665	0.0679667
0.7115	-0.022915	1.3566	-0.00048161	0.2647	0.0260391	0.6168	0.0060281	1.077	-0.147067	0.5165	0.087015
0.5254	-0.0045354	1.1774	0.0116607	0.3039	-0.119225	0.4562	0.0221419	1.3557	-0.365037	0.374	0.0937276
0.327	0.0112076	1.1631	-0.0701907	0.6323	-0.425477	0.2967	0.0290502	1.6289	-0.37336	0.3037	0.0285273
0.314	-0.0811564	1.3454	-0.17774	0.8436	-0.319786	0.3752	-0.14185	1.8505	-0.333025	0.5551	-0.318368
0.4813	-0.180153	1.5257	-0.185908	1.1135	-0.392994	0.5893	-0.248064	1.9909	-0.259044	0.8492	-0.390563
0.6409	-0.184924	1.7071	-0.195698	1.1971	-0.212071	0.8275	-0.277672	2.0444	-0.175024	1.1167	-0.390825
0.7734	-0.178772	1.7963	-0.154238	1.2175	-0.151109	0.9501	-0.203832	2.0015	-0.0766789	1.3087	-0.334656
0.866	-0.164318	1.8666	-0.14849	1.1332	-0.043327	1.0487	-0.193011	1.9013	-0.014559	1.3974	-0.240365
0.9149	-0.145828	1.8914	-0.127169	1.0365	-0.0271285	1.0872	-0.153953	1.877	-0.0894317	1.426	-0.183268
0.9188	-0.124442	1.8733	-0.105001	1.0083	-0.0952268	1.0692	-0.114572	1.8532	-0.088927	1.3531	-0.0746134
0.8872	-0.105999	1.916	-0.137728	0.9822	-0.097004	1.0127	-0.0858097	1.8016	-0.0587272	1.2837	-0.0713017
0.9429	-0.153377	1.9876	-0.155957	0.9293	-0.0684883	1.0443	-0.150104	1.7219	-0.0268144	1.2705	-0.126309
0.9862	-0.150328	2.0043	-0.129542	0.8276	-0.0154309	1.0466	-0.130756	1.619	0.00136873	1.2121	-0.07539
0.9857	-0.129389	1.9868	-0.111766	0.7166	-0.0012975	1.0135	-0.105334	1.5257	-0.00371884	1.1413	-0.0560241
0.9511	-0.11156	1.9289	-0.0888636	0.5995	0.010058	0.9202	-0.0594493	1.5642	-0.1376	1.0228	0.00342361
0.8712	-0.085786	1.834	-0.065802	0.712	-0.225879	0.8288	-0.0570381	1.7572	-0.301926	0.8479	0.0772288
0.7776	-0.0750336	1.8711	-0.133844	0.8997	-0.311364	0.7348	-0.0512529	1.964	-0.326262	0.7438	0.0167644
0.8844	-0.181458	2.0704	-0.225116	1.0518	-0.284421	0.8524	-0.206105	2.0559	-0.216163	0.8992	-0.258365
1.032	-0.21027	2.2034	-0.198836	1.1388	-0.224809	0.9918	-0.229327	2.1031	-0.174033	1.0747	-0.296123
1.1418	-0.198002	2.2863	-0.17816	1.153	-0.153872	1.0962	-0.211143	2.0794	-0.102156	1.2234	-0.284315
1.2007	-0.176698	2.3149	-0.152672	1.0998	-0.0849121	1.1475	-0.177686	1.972	-0.0132834	1.3125	-0.233757
1.2049	-0.150762	2.2902	-0.125016	0.9879	-0.021605	1.1423	-0.139018	1.8305	0.0277085	1.3329	-0.16723
1.14	-0.114107	2.2151	-0.0962821	0.8313	0.0300937	1.0829	-0.099191	1.66	0.0650675	1.2853	-0.0945984
1.0315	-0.0879139	2.095	-0.0679866	0.6465	0.0668872	0.948	-0.040544	1.4776	0.0859398	1.1779	-0.0241761
0.881	-0.0602699	1.9362	-0.0408903	0.4103	0.129687	0.7923	-0.0189913	1.309	0.0804389	1.024	0.0376114
0.6538	-0.0112137	1.7466	-0.0161849	0.2728	0.0375891	0.6103	0.0079084	1.3368	-0.117485	0.8028	0.126951
0.4346	-0.0046883	1.5553	-0.00592545	0.3975	-0.231243	0.3776	0.0546558	1.5217	-0.283982	0.6104	0.11733
0.3563	-0.0715796	1.5574	-0.102886	0.548	-0.265116	0.3682	-0.101552	1.679	-0.264415	0.6091	-0.0737008
0.4202	-0.146295	1.6221	-0.137583	0.682	-0.255998	0.464	-0.180446	1.7982	-0.232455	0.7607	-0.241837
0.4595	-0.136419	1.6793	-0.136861	0.7665	-0.21149	0.5535	-0.181065	1.8647	-0.183266	0.9222	-0.267979
0.4737	-0.125053	1.6977	-0.118551	0.7912	-0.153716	0.6218	-0.170262	1.8449	-0.0961607	1.0768	-0.276647
0.4478	-0.104156	1.6769	-0.0980788	0.7476	-0.0839837	0.6346	-0.132686	1.7656	-0.0328722	1.1473	-0.199711
0.3738	-0.0767796	1.6084	-0.0709646	0.6284	-0.0030521	0.593	-0.0931193	1.6109	0.0501017	1.1531	-0.135707
0.2767	-0.0606513	1.518	-0.0556464	0.4863	0.0264666	0.5133	-0.0629776	1.4783	0.0344839	1.0781	-0.0475146
0.152	-0.0407683	1.3771	-0.0234891	0.3858	-0.0104942	0.3718	-0.0130144	1.4302	-0.0477542	0.9596	0.00773944
0.0371	-0.0399604	1.318	-0.0615659	0.3334	-0.0563076	0.2406	-0.013905	1.3858	-0.0493727	0.7918	0.0737403
-0.009	-0.0720464	1.2842	-0.0726544	0.2762	-0.0489238	0.2011	-0.0763211	1.3269	-0.0320604	0.7293	-0.0253827
-0.0624	-0.065664	1.2295	-0.0595923	0.2191	-0.0463879	0.1412	-0.0591873	1.2681	-0.0293472	0.6746	-0.0277801
-0.1471	-0.0456319	1.1652	-0.0516938	0.1373	-0.0177352	0.0607	-0.040803	1.188	-0.00416104	0.6237	-0.0265525
-0.2558	-0.0279411	1.085	-0.0398423	0.1096	-0.0705598	-0.0418	-0.0202362	1.2481	-0.147491	0.5782	-0.0274603
-0.3502	-0.0300209	1.0313	-0.0505105	0.2353	-0.23048	-0.1173	-0.0352439	1.3734	-0.219093	0.5301	-0.0201033
-0.2497	-0.132246	1.1192	-0.125817	0.3389	-0.213899	-0.0015	-0.174942	1.4949	-0.221518	0.6187	-0.165725
-0.1874	-0.116074	1.2185	-0.136604	0.4169	-0.192616	0.1005	-0.170483	1.5501	-0.158133	0.7367	-0.206999
-0.1188	-0.122535	1.2884	-0.125528	0.4212	-0.119552	0.1561	-0.140939	1.5465	-0.0993073	0.9064	-0.27576
-0.0914	-0.103214	1.3144	-0.10501	0.3666	-0.0582887	0.1712	-0.113515	1.4689	-0.0215742	0.9664	-0.172156
-0.0976	-0.086006	1.3	-0.0842195	0.241	0.0187503	0.14	-0.0796852	1.3578	0.017345	0.9848	-0.132495
-0.1469	-0.0618441	1.2545	-0.06652	0.1012	0.0398391	0.0547	-0.0376049	1.1905	0.0817909	0.923	-0.0462069
-0.2179	-0.0472262	1.1624	-0.0387312	-0.0863	0.0970004	-0.0497	-0.0189652	1.0396	0.072832	0.7951	0.0326036
-0.3554	-0.0067458	1.059	-0.0280171	-0.2753	0.108226	-0.2038	0.0237336	0.8399	0.131533	0.6231	0.0938413
-0.475	-0.0092408	0.8856	0.0155643	-0.4173	0.068743	-0.3474	0.023911	0.7179	0.0598612	0.4681	0.0922944
-0.6042	0.0026234	0.7481	0.00441453	-0.5238	0.0390918	-0.552	0.077393	0.679	-0.0213617	0.2953	0.127345
-0.7425	0.0148309	0.627	0.00220683	-0.4571	-0.136986	-0.6528	0.0104258	0.7581	-0.143393	0.1513	0.11293
-0.7427	-0.0534664	0.6331	-0.0617615	-0.3697	-0.161686	-0.6365	-0.0717227	0.8555	-0.166648	0.1232	-0.00017254
-0.7281	-0.0608683	0.6493	-0.0676864	-0.2823	-0.165774	-0.595	-0.0908427	0.9611	-0.180224	0.2373	-0.153806
-0.7147	-0.0602236	0.6606	-0.0658675	-0.2172	-0.146512	-0.5611	-0.0866566	1.0192	-0.135731	0.3582	-0.172732
-0.7147	-0.0528089	0.6616	-0.0608336	-0.1833	-0.116824	-0.5323	-0.0839943	1.0402	-0.0997851	0.4957	-0.203132
-0.7276	-0.0449863	0.6454	-0.0514882	-0.184	-0.0820046	-0.5294	-0.0654799	1.0158	-0.0532667	0.5813	-0.15985
-0.7506	-0.0380357	0.6178	-0.04447	-0.2185	-0.0462611	-0.5416	-0.0537583	0.9453	-0.00373622	0.6326	-0.130743
-0.7918	-0.0260839	0.5778	-0.0363277	-0.2978	0.0028017	-0.5787	-0.0338946	0.8808	-0.0065993	0.6292	-0.075766
-0.8173	-0.0318416	0.5463	-0.0390574	-0.3231	-0.0496102	-0.6165	-0.0308981	0.8719	-0.0618415	0.573	-0.0174033
-0.7458	-0.0831708	0.6111	-0.0905085	-0.298	-0.100967	-0.5581	-0.1006	0.8969	-0.0970812	0.5176	-0.012715
-0.6612	-0.0932896	0.6674	-0.0891402	-0.2821	-0.0922801	-0.4909	-0.109629	0.9123	-0.0883424	0.5247	-0.0759775
-0.6047	-0.0814599	0.7077	-0.083226	-0.2926	-0.0650625	-0.4557	-0.0885334	0.911	-0.0716685	0.5338	-0.0789409
-0.5669	-0.073433	0.7298	-0.075304	-0.3354	-0.0302871	-0.4453	-0.0712481	0.89	-0.0510075	0.5229	-0.0579032
-0.5468	-0.0650412	0.7177	-0.0576707	-0.3799	-0.0259822	-0.4633	-0.0500048	0.8404	-0.0200116	0.493	-0.0359625
-0.5556	-0.0495956	0.6843	-0.0454192	-0.4629	0.0171307	-0.5026	-0.0326272	0.7814	-0.00773969	0.4457	-0.013877
-0.5829	-0.0383977	0.6199	-0.0267611	-0.5423	0.018043	-0.5593	-0.0170529	0.6967	0.0221256	0.372	0.0198558
-0.6367	-0.021821	0.5498	-0.0204611	-0.623	0.024001	-0.6297	-0.0033132	0.6048	0.0338602	0.3024	0.0226855
-0.6959	-0.0154651	0.469	-0.011118	-0.7148	0.0404058	-0.7254	0.0199072	0.5302	0.0202371	0.2186	0.0452437
-0.7788	0.0013087	0.3622	0.00718575	-0.7834	0.0214192	-0.8092	0.0165764	0.451	0.028752	0.1546	0.0318282
-0.8692	0.0104479	0.2685	0.0052939	-0.8403	0.0134045	-0.8904	0.0197068	0.3959	0.00736745	0.092	0.036679
-0.9458	0.0083237	0.1754	0.00963136	-0.8852	0.0045347	-0.9935	0.0411853	0.3523	-0.00198778	0.0542	0.0156536
-0.9723	-0.014429	0.1292	-0.0115216	-0.8916	-0.0327537	-1.0377	0.003203	0.3776	-0.0721905	0.0309	0.00348049
-0.9071	-0.0626319	0.1467	-0.0442612	-0.8134	-0.12045	-0.9998	-0.0551622	0.457	-0.130306	0.0563	-0.0477651
-0.8793	-0.0444426	0.1774	-0.052414	-0.7042	-0.156206	-0.929	-0.0808032	0.5395	-0.137585	0.1036	-0.0744055
-0.8382	-0.0523094	0.2066	-0.0531446	-0.6552	-0.0978009	-0.8563	-0.0849119	0.6162	-0.135682	0.237	-0.173869
-0.8039	-0.0498205	0.2303	-0.0516027	-0.5855	-0.1214	-0.7923	-0.0812296	0.6507	-0.0952719	0.3439	-0.158094
-0.7775	-0.046413	0.2462	-0.0485223	-0.5553	-0.0828551	-0.7335	-0.0797961	0.6537	-0.0639872	0.4278	-0.143526
-0.7578	-0.0432902	0.2531	-0.0443926	-0.553	-0.0545171	-0.7025	-0.0611836	0.6181	-0.0236691	0.4773	-0.114124
-0.7517	-0.0360435	0.2487	-0.0385475	-0.5854	-0.0176117	-0.6894	-0.0486192	0.5621	-0.00052527	0.4889	-0.077433
-0.7569	-0.0293766	0.2346	-0.0330159	-0.6472	0.0155255	-0.6979	-0.0323763	0.4737	0.0362474	0.4608	-0.0349691
-0.7742	-0.0216874	0.2059	-0.0243015	-0.699	0.0088145	-0.7278	-0.0151735	0.3741	0.05239	0.3883	0.0166421
-0.7959	-0.0176065	0.1737	-0.0209589	-0.7811	0.0440006	-0.7658	-0.0068377	0.2784	0.0532471	0.3041	0.0367317
-0.8224	-0.0130591	0.1277	-0.0117717	-0.8486	0.0336242	-0.8113	0.0014986	0.2108	0.028506	0.2106	0.0553606
-0.8585	-0.0055956	0.0848	-0.0111851	-0.9292	0.0516834	-0.8704	0.014844	0.1588	0.0154901	0.1004	0.0830706
-0.8903	-0.0052653	0.04	-0.00799913	-0.9642	0.0087976	-0.9284	0.0179024	0.1172	0.00715843	0.0187	0.0627387
-0.9216	-0.0030287	-0.0053	-0.0054836	-0.9931	0.0051357	-0.9709	0.0101483	0.0973	-0.0135563	-0.0446	0.0506732
-0.9566	0.0015279	-0.0587	0.00124227	-1.0087	-0.0063756	-1.0056	0.0074289	0.0887	-0.0244352	-0.0914	0.0388623
-0.9826	-0.0006895	-0.1011	-0.00212762	-1.0096	-0.020021	-1.0362	0.0071251	0.0903	-0.0347242	-0.1065	0.00868297
-1.0043	-0.0007502	-0.1474	0.00215212	-1.0002	-0.0297908	-1.053	-0.0006419	0.0962	-0.0393288	-0.0972	-0.0166373
-1.0103	-0.0072899	-0.1805	-0.00277483	-0.9873	-0.0329485	-1.0619	-0.004665	0.1366	-0.0758625	-0.0712	-0.0359302
-1.0728	0.0251579	0.6244	-0.462082	-0.9582	-0.0496453	-1.0455	-0.0221495	0.639	-0.563046	-0.0262	-0.0594276
-0.7961	-0.157481	0.2414	0.150994	-0.9318	-0.0473335	-1.0475	-0.008122	0.4268	0.162121	0.0418	-0.0892317
-0.5967	-0.128204	0.0891	0.0432497	-0.6184	-0.349385	-0.7778	-0.211019	0.4856	-0.111868	0.6633	-0.704948
-0.4214	-0.124498	0.1242	-0.0522177	-0.4361	-0.226964	-0.5044	-0.226775	0.545	-0.115492	0.4055	0.200091
-0.243	-0.134725	0.1883	-0.0699416	-0.3101	-0.176654	-0.3479	-0.152422	0.591	-0.104451	0.4295	-0.0841516
-0.1255	-0.110024	0.2342	-0.06316	-0.2395	-0.124544	-0.2405	-0.123181	0.5956	-0.0633408	0.4845	-0.1207
-0.0278	-0.104982	0.2717	-0.0608622	-0.2418	-0.0512876	-0.1707	-0.100181	0.5698	-0.0317078	0.5298	-0.115583
0.0173	-0.0809539	0.287	-0.0505559	-0.2917	-0.0009009	-0.173	-0.0494227	0.5057	0.00974667	0.5342	-0.0751764
0.0303	-0.0655842	0.2864	-0.0426045	-0.3975	0.0606866	-0.2259	-0.0111318	0.4165	0.039265	0.507	-0.0409071
0.0076	-0.0466068	0.2709	-0.0344066	-0.5314	0.096013	-0.3209	0.0234091	0.3347	0.0359215	0.4523	-0.00798236
-0.0383	-0.0326735	0.2368	-0.0234253	-0.6677	0.105896	-0.4196	0.0313537	0.2405	0.0530075	0.3612	0.0374915
-0.1043	-0.0192192	0.1889	-0.0141492	-0.7813	0.089657	-0.5245	0.0414632	0.1592	0.0441566	0.2555	0.062636
-0.2029	0.0022137	0.1314	-0.0064873	-0.8474	0.0463094	-0.6472	0.0607054	0.0987	0.0263717	0.1687	0.0523991
-0.3155	0.0151592	0.0681	-0.00042911	-0.887	0.0226764	-0.7576	0.058373	0.0629	0.00345542	0.0799	0.0632711
-0.4337	0.0243029	0.0031	0.00367058	-0.887	-0.0160366	-0.8458	0.0480888	0.0507	-0.0195397	0.033	0.0260578
-0.5299	0.0186428	-0.0595	0.00560653	-0.863	-0.0403736	-0.9048	0.0315036	0.0523	-0.0334249	-0.0086	0.0249187
-0.6533	0.0390661	-0.1167	0.0057782	-0.8155	-0.0654331	-0.9333	0.0125119	0.0653	-0.0454814	-0.0351	0.0124722
-0.7307	0.0206668	-0.1661	0.00436481	-0.7696	-0.0653585	-0.9329	-0.0068052	0.0825	-0.0505497	-0.0395	-0.00918387
-0.8069	0.0246837	-0.2062	0.00174043	-0.7255	-0.065038	-0.9145	-0.0194107	0.0973	-0.0488994	-0.0285	-0.025681
-0.8639	0.0187976	-0.2363	-0.00173094	-0.6887	-0.0588893	-0.8837	-0.028747	0.1036	-0.0407248	-0.0032	-0.0425107
-0.9011	0.0116587	-0.2539	-0.00707555	-0.6618	-0.0496725	-0.8452	-0.0352168	0.1028	-0.033595	0.0285	-0.0520835
-0.9186	0.0036023	-0.2665	-0.0089189	-0.646	-0.0387165	-0.7852	-0.0524816	0.0921	-0.0231692	0.0594	-0.0543795
-0.9182	-0.0044495	-0.2711	-0.0126618	-0.6413	-0.0272102	-0.7506	-0.035681	0.0759	-0.0168668	0.0832	-0.0496678
-0.9023	-0.0120922	-0.2692	-0.0159799	-0.6479	-0.0149323	-0.7039	-0.0457821	0.0504	-0.00629687	0.0957	-0.0396274
-0.8745	-0.0185577	-0.2637	-0.0180285	-0.6688	0.0010815	-0.6645	-0.0419776	0.0259	-0.00607446	0.0953	-0.0266969
-0.8382	-0.0237845	-0.2539	-0.0206431	-0.6848	-0.0023337	-0.634	-0.0366386	-0.0038	0.00061092	0.0857	-0.0165455
-0.7967	-0.0276628	-0.2419	-0.0223189	-0.7091	0.0078904	-0.6144	-0.0293742	-0.0273	-0.00441135	0.0656	-0.00404204
-0.753	-0.0301948	-0.2292	-0.023281	-0.734	0.0104694	-0.6059	-0.0214233	-0.0478	-0.00638157	0.0447	-0.00115651
-0.7169	-0.0274829	-0.2168	-0.0237293	-0.7446	-0.002556	-0.6042	-0.0161441	-0.0648	-0.00902509	0.0183	0.00698166
-0.6761	-0.0311968	-0.2093	-0.0216334	-0.7528	-0.0037932	-0.6081	-0.011421	-0.0831	-0.00680178	-0.0092	0.0108326
-0.6448	-0.027367	-0.2011	-0.0223733	-0.7527	-0.0113455	-0.616	-0.00761	-0.0922	-0.0155376	-0.0215	-0.00313527
-0.6168	-0.0265002	-0.1931	-0.022654	-0.7469	-0.0165886	-0.6235	-0.0068915	-0.098	-0.0185378	-0.0326	-0.00322201
-0.5876	-0.0279726	-0.1873	-0.0218252	-0.7342	-0.0233894	-0.6317	-0.0053598	-0.1015	-0.0206526	-0.0348	-0.0118985
-0.5595	-0.0282681	-0.1842	-0.0206118	-0.7177	-0.0272967	-0.6367	-0.0067131	-0.1031	-0.0224623	-0.0287	-0.0208057
-0.5436	-0.0224195	-0.1827	-0.0198686	-0.7029	-0.0256338	-0.639	-0.0078491	-0.1039	-0.0232119	-0.0192	-0.0251537
-0.5314	-0.0206481	-0.183	-0.0189353	-0.6886	-0.0251602	-0.6378	-0.0097213	-0.1053	-0.0225314	-0.0077	-0.028303
-0.5221	-0.019141	-0.1847	-0.0181318	-0.6711	-0.0285641	-0.6334	-0.0115479	-0.1074	-0.0217156	0.0043	-0.0300034
-0.5141	-0.0183769	-0.1873	-0.0175331	-0.6608	-0.0212183	-0.6242	-0.0147437	-0.1115	-0.0194995	0.0173	-0.0323051
-0.5085	-0.0169484	-0.1906	-0.016999	-0.6516	-0.0199267	-0.6136	-0.0156401	-0.1174	-0.0173928	0.0283	-0.031408
-0.5047	-0.0157337	-0.1953	-0.0160445	-0.6464	-0.0155403	-0.6009	-0.0171442	-0.1235	-0.0168754	0.0322	-0.0247012
-0.5023	-0.0146514	-0.2003	-0.0156244	-0.6422	-0.0141081	-0.5806	-0.0228986	-0.1315	-0.0145622	0.0319	-0.0204744
-0.5002	-0.0141062	-0.2054	-0.0152989	-0.6392	-0.0124189	-0.5649	-0.0198987	-0.1385	-0.0151984	0.0264	-0.014727
-0.4974	-0.0140988	-0.2101	-0.0152429	-0.6367	-0.0114072	-0.5462	-0.0223875	-0.1467	-0.0135737	0.0175	-0.0104388
-0.4938	-0.014185	-0.2142	-0.0153165	-0.6329	-0.0122643	-0.5281	-0.0223444	-0.1531	-0.0150384	0.007	-0.00778946
-0.4892	-0.0144258	-0.2175	-0.0155297	-0.6285	-0.0124558	-0.5138	-0.0198856	-0.1599	-0.0142824	-0.0014	-0.00904932
-0.4831	-0.0149977	-0.2198	-0.0158927	-0.6228	-0.013418	-0.4983	-0.0210023	-0.1655	-0.0151859	-0.0084	-0.00974848
-0.4757	-0.015542	-0.2211	-0.0163056	-0.6139	-0.0164491	-0.4843	-0.020168	-0.1698	-0.0162539	-0.0144	-0.010147
-0.4669	-0.0162151	-0.2218	-0.0165484	-0.605	-0.0162891	-0.4719	-0.0191961	-0.1729	-0.0172816	-0.0173	-0.0129553
-0.4568	-0.0169133	-0.2215	-0.0170413	-0.5929	-0.0195012	-0.4611	-0.018155	-0.1749	-0.0182641	-0.017	-0.0161836
-0.4457	-0.0175226	-0.2209	-0.0171992	-0.5797	-0.0206815	-0.4517	-0.0171933	-0.1764	-0.0186715	-0.0138	-0.0194022
-0.4781	0.0063255	-0.2479	-0.00202441	-0.5661	-0.0211954	-0.4446	-0.0154937	-0.1778	-0.0186837	-0.0075	-0.0231315
-0.7853	0.159871	-0.6213	0.189908	-0.5551	-0.0185903	-0.4552	-0.0021185	-0.2514	0.0572214	-0.0022	-0.0226613
-0.3622	-0.226072	-0.176	-0.24169	-0.5469	-0.0156534	-0.616	0.111677	-0.7271	0.483179	0.0037	-0.0238516
-0.2621	-0.0693149	-0.0827	-0.0703464	-0.661	0.113013	-0.4222	-0.14581	-0.1306	-0.618833	0.0831	-0.1053
-0.1761	-0.0663888	-0.0184	-0.0590596	-0.5006	-0.169007	-0.3137	-0.0912116	0.0392	-0.200627	0.341	-0.309624
-0.1432	-0.0413406	0.0189	-0.0474265	-0.3928	-0.121404	-0.2395	-0.0706721	0.2035	-0.203362	0.4823	-0.207202
-0.1368	-0.0282738	0.0406	-0.0407155	-0.3184	-0.0914056	-0.1924	-0.0538647	0.3365	-0.178746	-0.0221	0.48894
-0.1522	-0.0164516	0.0486	-0.0342704	-0.2841	-0.0527365	-0.1696	-0.0378251	0.4469	-0.16171	-0.1346	0.108303
-0.1775	-0.0100591	0.0446	-0.0280748	-0.2737	-0.0290828	-0.1673	-0.0234228	0.4954	-0.102285	-0.2552	0.128489
-0.2176	-0.0004365	0.0264	-0.0200675	-0.2881	-0.0032747	-0.1804	-0.0118074	0.4866	-0.0445936	-0.2909	0.047188
-0.2555	0.000614	-0.0034	-0.0127771	-0.3227	0.018978	-0.2063	-0.0013461	0.4091	0.0279405	-0.2877	0.00799678
-0.294	0.003133	-0.0413	-0.00682801	-0.3747	0.0393527	-0.2454	0.0100943	0.319	0.0450136	-0.226	-0.0566506
-0.3312	0.0046742	-0.0833	-0.00266968	-0.4173	0.0325	-0.2798	0.0088041	0.1966	0.0834139	-0.1562	-0.071715
-0.3719	0.0088311	-0.1264	4.80E-05	-0.4472	0.0217422	-0.3099	0.007609	0.0968	0.0657942	-0.0795	-0.0862771
-0.4038	0.0064299	-0.1667	0.00067963	-0.4582	0.0038504	-0.3333	0.0044223	-0.0154	0.0838058	0.0087	-0.106598
-0.428	0.0042179	-0.1959	-0.00339078	-0.4634	-0.0012262	-0.3464	-0.0017863	-0.0993	0.0597107	0.0828	-0.0999162
-0.437	-0.0024951	-0.2291	0.00029213	-0.4548	-0.0150014	-0.3458	-0.0110605	-0.1475	0.0264355	0.1368	-0.0852299
-0.3812	-0.0373039	-0.2481	-0.00583306	-0.4279	-0.0342185	-0.335	-0.0184055	-0.1582	-0.0105137	0.1592	-5.59E-02
-0.1729	-0.123796	-0.1429	-0.0731788	-0.3958	-0.0406277	-0.2544	-0.0710411	-0.1347	-0.0458752	0.1547	-0.0285513
0.0117	-0.121188	0.0176	-0.108856	-0.3514	-0.0547963	-0.0661	-0.15578	-0.0022	-0.1615	0.1147	0.0109373
0.1501	-0.105158	0.1199	-0.0848825	-0.1602	-0.210996	0.0857	-0.137906	0.2084	-0.250151	0.0603	0.0307712
0.2844	-0.110107	0.2538	-0.107403	0.0281	-0.217539	0.2591	-0.161955	0.3962	-0.23678	0.0673	-0.0313355
0.3805	-0.0961927	0.3592	-0.0984588	0.1936	-0.203208	0.3439	-0.104519	0.5183	-0.177237	0.1406	-0.10498
0.4355	-0.0788282	0.4316	-0.085622	0.2564	-0.103904	0.3937	-0.0829024	0.5571	-0.095933	0.2522	-0.154465
0.4497	-0.0595879	0.4666	-0.0687186	0.2377	-0.0217069	0.3907	-0.0461831	0.528	-0.0266308	0.3479	-0.14817
0.4317	-0.0430196	0.4655	-0.0506602	0.148	0.0536301	0.3315	-0.0042146	0.434	0.0429258	0.4085	-0.11917
0.4243	-0.0483739	0.4318	-0.0327184	0.0144	0.104196	0.2445	0.0193509	0.2984	0.0912759	0.4102	-0.0604814
0.5329	-0.112337	0.4325	-0.0499966	-0.1558	0.149461	0.21	-0.0158841	0.149	0.112531	0.3781	-0.0235092
0.6287	-0.111355	0.5237	-0.099859	-0.2105	0.036907	0.2895	-0.0999486	0.0555	0.0613005	0.3202	0.00804873
0.6835	-0.094279	0.6083	-0.10085	-0.1193	-0.113434	0.3708	-0.105644	0.1334	-0.114008	0.2282	0.0513259
0.7101	-0.0822191	0.6843	-0.100418	0.0256	-0.174404	0.4317	-0.0948411	0.2349	-0.142706	0.1271	0.0705232
0.7054	-0.0670395	0.7251	-0.0849308	0.1521	-0.162481	0.4606	-0.0743467	0.3593	-0.171862	0.1553	-0.0616123
0.6632	-0.0468427	0.7246	-0.0643282	0.2745	-0.164776	0.4549	-0.0502966	0.4553	-0.148308	0.2675	-0.156859
0.5878	-0.0270605	0.6933	-0.0474326	0.3489	-0.120845	0.417	-0.0262786	0.5044	-0.103913	0.3884	-0.177688
0.4853	-0.0088708	0.6267	-0.0265152	0.3674	-0.0662372	0.3649	-0.0140985	0.4994	-0.0496132	0.484	-0.161996
0.3478	0.0151564	0.5515	-0.0185104	0.3381	-0.0173103	0.2706	0.0198859	0.4577	-0.0108739	0.5295	-0.116499
0.3779	-0.0705265	0.4638	-0.00792175	0.2785	0.0156912	0.2077	0.0008432	0.3744	0.0348536	0.5233	-0.0642316
0.486	-0.115417	0.4151	-0.0250283	0.1988	0.0395774	0.3075	-0.118344	0.2894	0.0407747	0.4659	-0.00733819
0.583	-0.1153	0.5134	-0.103495	0.1686	-0.0085812	0.4604	-0.16362	0.2519	-0.00487552	0.3656	0.0455552
0.6422	-0.100003	0.6264	-0.116557	0.2807	-0.156767	0.5934	-0.156933	0.3467	-0.14195	0.1654	0.165459
0.7595	-0.135677	0.7044	-0.103028	0.3939	-0.163921	0.6833	-0.131941	0.4672	-0.173722	0.2373	-0.113855
1.0909	-0.260388	0.7659	-0.0979293	0.4852	-0.147071	0.9537	-0.272765	0.593	-0.185371	0.3972	-0.217885
1.4515	-0.29447	0.9902	-0.190643	0.5539	-0.12846	1.3337	-0.369819	0.6619	-0.131982	0.5727	-0.251092
1.7294	-0.268744	1.3827	-0.294507	0.8654	-0.3877	1.6302	-0.327824	0.8165	-0.225494	0.703	-0.218992
1.8964	-0.22354	1.7685	-0.310623	1.206	-0.435036	1.7952	-0.245819	1.1755	-0.447962	0.9011	-0.306692
1.9439	-0.168109	2.0002	-0.245358	1.4306	-0.331697	1.8148	-0.146834	1.4556	-0.383212	1.2806	-0.52617
1.9394	-0.143824	2.1113	-0.190825	1.493	-0.17411	1.6711	-0.0270101	1.5945	-0.249117	1.5565	-0.450316
2.1753	-0.277994	2.1014	-0.13004	1.4182	-0.0345881	1.7634	-0.198589	1.5717	-0.0864338	1.6697	-0.299103
2.417	-0.295396	2.3168	-0.253691	1.2118	0.10612	1.9191	-0.252673	1.248	0.230526	1.6182	-0.129415
2.5098	-0.228096	2.529	-0.262954	1.2238	-0.114104	1.9983	-0.205081	1.3814	-0.233382	1.4091	0.0489542
2.6241	-0.247185	2.7126	-0.258106	1.3751	-0.262344	1.9835	-0.140524	1.5178	-0.243354	1.1368	0.13927
3.1009	-0.455376	2.7503	-0.187316	1.496	-0.239485	2.3158	-0.402425	1.6354	-0.230597	1.1969	-0.199259
3.4939	-0.43662	3.1428	-0.384655	1.7289	-0.364859	2.7911	-0.529081	1.7773	-0.26217	1.2751	-0.225307
3.739	-0.378664	3.6071	-0.444131	2.0653	-0.487244	3.1487	-0.46772	2.506	-0.885655	1.3131	-0.189038
3.6911	-0.23346	3.9381	-0.394424	2.5323	-0.643726	3.3223	-0.350922	2.9058	-0.577036	1.3929	-0.238957
3.5382	-0.176853	4.0766	-0.305507	2.8217	-0.483418	3.2061	-0.145458	3.2097	-0.496652	1.8463	-0.658082
3.3988	-0.180032	4.0717	-0.233969	2.8704	-0.248023	3.0035	-0.0778519	3.2682	-0.254504	2.3176	-0.723344
3.3662	-0.235168	3.8838	-0.133463	2.6712	0.0071654	3.0005	-0.220422	3.077	0.00444856	2.6361	-0.602657
3.2261	-0.177639	3.8822	-0.226921	2.4439	0.0441865	2.9219	-0.166494	2.902	-0.00329164	2.5628	-0.203784
2.973	-0.111457	3.9018	-0.238891	2.4364	-0.177675	2.7473	-0.0933116	2.8808	-0.15632	2.2766	0.0375087
2.6216	-0.0473587	3.8312	-0.190644	2.425	-0.17563	2.5277	-0.0533593	2.8454	-0.140634	1.9441	0.116864
2.4428	-0.127162	3.6821	-0.144307	2.3469	-0.107372	2.3082	-0.0447625	2.727	-0.051987	1.8034	-0.061046
2.3295	-0.156576	3.4075	-0.0681681	2.2246	-0.0592814	2.3088	-0.201171	2.5551	0.00985253	1.6656	-0.0503326
2.1649	-0.124861	3.2235	-0.10459	2.1006	-0.053482	2.2706	-0.174372	2.4455	-0.047212	1.4446	0.054823
1.9373	-0.0839182	3.1863	-0.176449	2.2224	-0.307594	2.1807	-0.135868	2.6144	-0.334418	1.2637	0.0326866
1.6483	-0.0404165	3.1118	-0.154385	2.3391	-0.310669	2.0517	-0.104099	2.7334	-0.290742	1.1499	-0.0231484
1.3707	-0.0336072	2.9895	-0.124669	2.3578	-0.215961	1.8369	-0.0351362	2.7711	-0.211604	1.3446	-0.351253
1.2828	-0.125345	2.8188	-0.0922161	2.275	-0.112596	1.6666	-0.0594378	2.7398	-0.141313	1.5184	-0.347885
1.2804	-0.169255	2.5574	-0.0340518	2.0829	0.0042258	1.7466	-0.240394	2.6134	-0.0401542	1.6276	-0.294367
1.2372	-0.147933	2.3029	-0.0250071	1.8576	0.0468332	1.8028	-0.228347	2.4279	0.027978	1.609	-0.164868
1.156	-0.126029	2.225	-0.109635	1.9103	-0.235712	1.7986	-0.187656	2.4607	-0.192208	1.4091	0.0362807
1.0026	-0.0832612	2.2587	-0.167345	1.9601	-0.237262	1.7136	-0.128559	2.567	-0.27128	1.3572	-0.106665
0.8315	-0.0666877	2.2587	-0.150721	1.9689	-0.198671	1.5438	-0.0622532	2.6269	-0.228137	1.4424	-0.252429
0.6194	-0.0362021	2.2202	-0.129768	1.902	-0.121528	1.3475	-0.0352357	2.6231	-0.16451	1.4863	-0.215668
0.443	-0.0456751	2.0964	-0.081138	1.7821	-0.0643152	1.1587	-0.0322044	2.528	-0.0687076	1.458	-0.140784
0.2046	-0.0029597	1.9589	-0.0676089	1.5726	0.0341872	0.917	0.0159936	2.3882	-0.0172564	1.3432	-0.042938
-0.0563	0.0213916	1.7791	-0.0376468	1.3809	0.0245913	0.7413	-0.0221627	2.188	0.0529348	1.1534	0.0509267
-0.2824	0.015579	1.6355	-0.0487303	1.2074	0.0138589	0.4687	0.0588286	2.034	0.0142314	0.9637	0.0697003
-0.5089	0.0276129	1.4369	-0.011444	0.9589	0.100325	0.2364	0.0419972	1.8856	0.0158628	0.8122	0.0465691
-0.7699	0.0586828	1.2527	-0.00955929	0.7498	0.0706302	0.0109	0.0485013	1.7377	0.0225841	0.6758	0.0450415
-0.8326	-0.0364996	1.0572	0.00575999	0.6253	-0.0083701	-0.2427	0.081094	1.5642	0.0567026	0.5495	0.0475166
-0.8342	-0.0661354	0.8562	0.0184744	0.4661	0.0338238	-0.3064	-0.0483446	1.4003	0.0551576	0.415	0.0691251
-0.8258	-0.0707296	0.6141	0.051068	0.3494	-0.0031906	-0.2821	-0.110877	1.2776	0.0199649	0.3204	0.038653
-0.8195	-0.0691751	0.5178	-0.0170688	0.3556	-0.126756	-0.2379	-0.12678	1.2008	-0.0222152	0.2467	0.0250984
-0.8259	-0.0616792	0.5084	-0.0600997	0.4526	-0.222859	-0.2104	-0.116254	1.2687	-0.170437	0.1926	0.0108891
-0.8444	-0.0538598	0.5294	-0.0764026	0.565	-0.244444	-0.2042	-0.10145	1.3603	-0.198853	0.2725	-0.131128
-0.8758	-0.044964	0.5495	-0.0770126	0.6186	-0.188942	-0.2349	-0.0738501	1.4774	-0.230356	0.4628	-0.260604
-0.9193	-0.0358197	0.5621	-0.0739488	0.6111	-0.128078	-0.2903	-0.0534998	1.5433	-0.182605	0.6249	-0.248677
-0.9738	-0.0266209	0.5555	-0.0640743	0.5254	-0.0461189	-0.3706	-0.0316842	1.5393	-0.112659	0.7493	-0.223492
-1.0513	-0.0101946	0.533	-0.0550526	0.4311	-0.033235	-0.4714	-0.0118228	1.4806	-0.0551722	0.8187	-0.175514
-1.1388	0.0003192	0.4946	-0.0452321	0.2512	0.0611088	-0.5877	0.0054299	1.3781	-0.006385	0.8254	-0.113566
-1.2151	-0.0002507	0.4288	-0.028285	0.077	0.0640418	-0.7137	0.0192336	1.2458	0.0299054	0.7706	-0.0466633
-1.2913	0.0048006	0.3591	-0.0228859	-0.1379	0.115625	-0.8687	0.0481523	1.0957	0.0551009	0.6444	0.0372922
-1.3653	0.0087659	0.262	-0.00435706	-0.3073	0.078902	-0.9698	0.0164471	0.9096	0.100315	0.5049	0.0644918
-1.4216	0.0041525	0.173	-0.00397436	-0.4554	0.0654624	-1.109	0.0511861	0.7611	0.0700638	0.3524	0.0927065
-1.487	0.0134595	0.0804	0.0024476	-0.5981	0.0677955	-1.1936	0.0183897	0.6324	0.0566355	0.2027	0.104856
-1.5569	0.0207614	-0.0127	0.00735387	-0.6884	0.0205989	-1.3024	0.0420721	0.5268	0.0387629	0.0674	0.10398
-1.5973	0.0096287	-0.104	0.0110293	-0.7516	-0.0025895	-1.3758	0.0223379	0.4292	0.0355999	-0.0632	0.112346
-1.6387	0.0138374	-0.1913	0.0134134	-0.7916	-0.0229979	-1.433	0.0152909	0.3705	-0.00040211	-0.1392	0.0653597
-1.675	0.0147774	-0.2725	0.0144506	-0.8152	-0.0374027	-1.4736	0.0071745	0.3312	-0.0178702	-0.1804	0.0346978
-1.6936	0.008551	-0.3459	0.0142552	-0.8287	-0.045999	-1.4997	-0.0001708	0.3062	-0.0309509	-0.1887	0.00264666
-1.6882	-0.0020308	-0.4103	0.0130163	-0.8395	-0.0473195	-1.5142	-0.0060516	0.2905	-0.0394949	-0.1703	-0.0258763
-1.6752	-0.0048056	-0.4746	0.0162287	-0.849	-0.0472955	-1.505	-0.0215966	0.2773	-0.0413626	-0.1321	-0.0494831
-1.6515	-0.0096891	-0.5174	0.00767047	-0.8623	-0.0419682	-1.4846	-0.028972	0.2664	-0.0431443	-0.082	-0.0663849
-1.6204	-0.0133237	-0.5401	-0.00119052	-0.8745	-0.0415837	-1.4588	-0.0325832	-0.2576	0.496181	-0.0174	-0.0873432
-1.5833	-0.0165954	-0.5483	-0.00797569	-0.8885	-0.0381952	-1.4309	-0.0340173	0.2451	-0.555678	0.0319	-0.0769764
-1.5417	-0.0193837	-0.5473	-0.012571	-0.9094	-0.0293408	-1.4035	-0.0336338	0.3083	-0.119369	-0.0841	0.0999321
-1.4875	-0.0269062	-0.5392	-0.016472	-0.9377	-0.0195881	-1.3783	-0.0319755	0.399	-0.151444	0.0993	-0.217818
-1.4406	-0.0241606	-0.5257	-0.0197945	-0.9798	-0.0027033	-1.357	-0.0289535	0.4622	-0.12715	0.1441	-0.0837123
-1.3944	-0.0247262	-0.5084	-0.0225086	-1.0194	-0.0022039	-1.3403	-0.0252282	0.5023	-0.106105	0.1733	-0.0710496
-1.3499	-0.0247513	-0.4887	-0.0246448	-1.0595	0.0013606	-1.3266	-0.0224866	0.515	-0.0793917	0.1731	-0.0416469
-1.2993	-0.029032	-0.4679	-0.026188	-1.0982	0.0029938	-1.3206	-0.016076	0.5014	-0.0524618	0.1531	-0.0198622
-1.2675	-0.0199545	-0.4473	-0.0270732	-1.1406	0.0099544	-1.3162	-0.0138598	0.4634	-0.0262082	0.117	-0.00016393
-1.2232	-0.0271963	-0.4277	-0.0275105	-1.1653	-0.0053453	-1.3139	-0.0111909	0.4057	-0.00366375	0.0704	0.014989
-1.1955	-0.0190858	-0.4099	-0.0274595	-1.1949	0.0022296	-1.3126	-0.0092433	0.3343	0.0135728	0.0195	0.0243771
-1.157	-0.0252538	-0.3946	-0.026935	-1.2135	-0.0066269	-1.3113	-0.007997	0.2556	0.0247823	-0.0308	0.0288102
-1.1344	-0.0172994	-0.3821	-0.0261218	-1.2262	-0.0106657	-1.3085	-0.0078785	0.1601	0.0463413	-0.0757	0.0279077
-1.2312	0.0484718	-0.3726	-0.0250596	-1.2334	-0.0145723	-1.3033	-0.0085152	0.0999	0.0140413	-0.1178	0.0293295
-1.4327	0.11233	-0.3662	-0.0237929	-1.2363	-0.017491	-1.3239	0.0118987	0.0339	0.0231379	-0.137	0.00836321
-1.5874	0.0982519	-0.3628	-0.0224267	-1.2353	-0.0202057	-1.5101	0.138639	-0.0216	0.015415	-0.1507	0.00424828
-1.7595	0.117316	-0.4186	0.0100052	-1.2621	0.0101964	-1.7222	0.169096	-0.0666	0.00717169	-0.1499	-0.0103167
-1.9015	0.111268	-0.5763	0.0688978	-1.4424	0.174154	-1.9111	0.164212	-0.1007	-0.00201324	-0.1423	-0.0178625
-2.0073	0.100465	-0.807	0.117014	-1.6588	0.222733	-2.058	0.144215	-0.1816	0.0488499	-0.1263	-0.0278499
-2.1968	0.153987	-1.026	0.122216	-1.8478	0.20663	-2.1682	0.126203	-0.3626	0.158036	-0.1103	-0.0294388
-2.558	0.260455	-1.2188	0.118878	-1.9841	0.162729	-2.176	0.0570893	-0.5856	0.211245	-0.2185	0.105603
-2.8715	0.255152	-1.4021	0.123433	-2.066	0.11449	-2.5057	0.30141	-0.7782	0.190553	-0.3789	0.173881
-3.1559	0.257977	-1.5411	0.108387	-2.0191	-0.0146354	-2.7382	0.247733	-0.9204	0.147355	-0.5984	0.254991
-3.2944	0.195247	-1.8874	0.229541	-2.3101	0.340125	-2.9663	0.259024	-1.0055	0.0946102	-0.7378	0.188905
-3.3756	0.174032	-2.2503	0.256211	-2.5654	0.319755	-3.1415	0.233896	-1.067	0.0741918	-0.8147	0.134176
-3.4004	0.150473	-2.5541	0.242107	-2.7562	0.267551	-3.2034	0.160884	-1.2912	0.248231	-0.8279	0.0718788
-3.3463	0.111664	-2.793	0.221881	-2.8601	0.188706	-3.1771	0.101006	-1.5576	0.303907	-0.9696	0.214646
-3.1772	0.0488863	-2.9578	0.193367	-2.8837	0.11247	-3.0726	0.0441141	-1.7652	0.255663	-1.2086	0.335967
-3.5212	0.326157	-3.0293	0.150595	-2.8242	0.0292193	-2.9596	0.0354737	-1.8988	0.188533	-1.4177	0.327118
-3.8145	0.319287	-3.0461	0.124389	-2.6947	-0.044561	-3.0111	0.15621	-1.9599	0.119284	-1.5024	0.211339
-4.033	0.296845	-3.0199	0.101881	-2.5541	-0.0601369	-3.2827	0.327143	-1.9429	0.0405284	-1.5072	0.132069
-4.1694	0.266784	-3.2378	0.23515	-2.6143	0.146287	-3.5089	0.310181	-1.8626	-0.0266003	-1.4312	0.0438124
-3.9333	0.0726627	-3.5786	0.313998	-2.9701	0.462647	-3.6496	0.261016	-1.7657	-0.0478688	-1.2826	-0.0435193
-4.3335	0.415156	-3.845	0.290502	-3.2173	0.369625	-3.6945	0.199896	-1.8592	0.147392	-1.0804	-0.117231
-4.6647	0.401881	-4.016	0.251754	-3.357	0.272467	-3.4778	0.0094183	-2.0671	0.272394	-1.0979	0.104329
-4.8449	0.340236	-4.0919	0.208408	-3.3938	0.174801	-3.9535	0.521837	-2.3853	0.398842	-1.3173	0.3283
-4.8334	0.248644	-4.2246	0.243866	-3.3035	0.0464891	-4.2121	0.387009	-2.6422	0.350652	-1.5715	0.388677
-4.7373	0.206277	-4.5664	0.365962	-3.6848	0.540839	-4.4496	0.388563	-2.7814	0.24019	-1.7304	0.30944
-4.5611	0.161978	-4.8955	0.376557	-3.9994	0.493868	-4.5129	0.274301	-2.7066	0.0227204	-1.8453	0.277115
-4.555	0.251278	-5.0119	0.276528	-4.1864	0.379805	-4.4406	0.180207	-3.0969	0.507645	-1.7953	0.107395
-4.7232	0.351561	-5.0172	0.221745	-4.1883	0.198988	-4.2629	0.101805	-3.5057	0.546936	-2.2181	0.622696
-4.8415	0.337367	-4.9398	0.177019	-4.073	0.080096	-4.1847	0.17173	-3.8741	0.525343	-2.5647	0.581413
-4.8652	0.296117	-4.7817	0.129242	-3.785	-0.103219	-4.2473	0.277667	-3.9992	0.288698	-2.7944	0.487762
-4.7649	0.233867	-5.1184	0.393989	-3.7745	0.177531	-4.2214	0.218643	-3.938	0.0997318	-2.856	0.326108
-4.6264	0.212469	-5.3625	0.36043	-3.8628	0.284608	-4.1054	0.153879	-3.7524	-0.0335729	-2.7529	0.151373
-4.4482	0.188157	-5.6186	0.379797	-3.8903	0.229074	-3.9102	0.0925889	-3.6403	0.0346861	-2.5643	4.73E-02
-4.2662	0.181423	-5.7671	0.333998	-3.8336	0.145872	-3.5849	-0.0111612	-3.7197	0.230528	-2.5984	0.273639
-4.0086	0.134752	-5.8148	0.286565	-3.7108	0.077343	-3.2851	-0.0050161	-3.7652	0.19928	-2.6495	0.296014
-3.6359	0.0622027	-5.8201	0.266212	-3.5329	0.0168809	-3.093	0.0638619	-3.7425	0.130319	-2.5907	0.180493
-3.2562	0.0429739	-5.777	0.240435	-3.3311	-0.013778	-2.9491	0.093356	-3.6228	0.0276961	-2.4381	0.0716772
-2.9214	0.0516053	-5.788	0.268613	-3.2694	0.126506	-2.784	0.073045	-3.4632	-0.0198376	-2.1455	-0.0973682
-2.479	-0.0218357	-5.8472	0.296258	-3.2049	0.123686	-2.59	0.045705	-3.2716	-0.0610904	-1.8385	-0.142284
-2.0194	-0.0513963	-5.9174	0.30586	-3.1079	0.0894442	-2.319	-0.019426	-3.1864	0.0413682	-1.5689	-0.131687
-1.5742	-0.0648821	-5.9478	0.288075	-2.9711	0.0457753	-2.1127	0.0176617	-3.166	0.105465	-1.4496	0.00682748
-1.3173	0.0177402	-5.9659	0.283426	-2.7974	0.0029877	-2.0009	0.0802226	-3.1257	0.0838624	-1.3283	-0.00716969
-0.9371	-0.0619827			-2.6367	0.0105894	-1.8931	0.0795257	-3.0626	0.0582137	-1.2329	0.0093136
-0.5579	-0.0798848			-2.5711	0.104981	-1.7317	0.0356674	-2.9472	0.00043837	-1.137	-0.0006627
-0.2643	-0.0515005			-2.4987	0.0970592	-1.566	0.0259384	-2.8266	-0.010509	-1.0288	-0.0236798
0.0143	-0.0579448			-2.399	0.0671732	-1.2011	-0.130546	-2.8154	0.0986126	-1.0919	0.154039
0.2533	-0.0503481			-2.2372	-0.0007796	-1.0238	-0.0070667	-2.8297	0.125111	-1.1623	0.168496
0.4398	-0.0338629			-2.073	-0.0093166	-0.8809	0.0107492	-2.8201	0.101013	-1.217	0.158387
0.6816	-0.0742845			-1.9519	0.0296803	-0.7406	0.0062948	-2.7774	0.0660553	-1.2168	0.103589
0.8114	-0.0255859			-1.8117	0.005382	-0.5962	-0.003199	-2.6587	-0.0156138	-1.1691	0.0514359
0.9619	-0.0444228			-1.7065	0.0368285	-0.4152	-0.0374538	-2.5738	0.0141985	-1.0956	0.0183954
1.1011	-0.0468339			-1.5325	-0.039139	-0.2262	-0.0522776	-2.5189	0.0417054	-1.0435	0.0346898
1.2563	-0.0638502			-1.3714	-0.0329226	-0.0669	-0.0393857	-2.4505	0.0250305	-0.9482	-0.0179454
1.3748	-0.0528			-1.1708	-0.0812818	0.1193	-0.067645	-2.3449	-0.017215	-0.8448	-0.0363009
1.5013	-0.0646263			-1.0034	-0.0554484	0.2687	-0.0496237	-2.2155	-0.0472635	-0.701	-0.0910108
1.6072	-0.0612285			-0.8445	-0.0540489	0.4301	-0.0665238	-2.1207	-0.0171914	-0.549	-0.114356
1.672	-0.0455905			-0.6679	-0.079911	0.5434	-0.0390622	-1.9757	-0.0744438	-0.429	-0.094313
1.7302	-0.0469307			-0.5323	-0.0451587	0.6435	-0.0354707	-1.828	-0.084346	-0.3078	-0.107602
1.7648	-0.0386255			-0.4117	-0.035777	0.7483	-0.044749	-1.7091	-0.0613201	-0.2157	-0.0876907
1.7914	-0.0377469			-0.295	-0.037417	0.8248	-0.0295888	-1.5632	-0.0954588	-0.1578	-0.0592649
1.804	-0.0331809			-0.1981	-0.0222639	0.8911	-0.0266549	-1.491	-0.0252197	-0.1384	-0.022691
1.8048	-0.0291257			-0.1273	0.0004234	0.9594	-0.0324293	-1.4202	-0.0272177	-0.1424	0.00112321
1.798	-0.0267837			-0.0511	-0.0087355	1.0185	-0.0299628	-1.3622	-0.0171815	-0.1581	0.014409
1.7849	-0.0247636			0.0105	0.002774	1.0531	-0.0155959	-1.3161	-0.00745486	-0.1829	0.0260073
1.7623	-0.0206459			0.0724	-0.0006934	1.0982	-0.0262991	-1.284	0.00506854	-0.2127	0.0340086
1.7518	-0.0279227			0.15	-0.0204234	1.1603	-0.0424644	-1.2492	0.00075346	-0.2321	0.0255718
1.785	-0.0532177			0.2329	-0.0301013	1.2701	-0.0826145	-1.2192	0.00417538	-0.2421	0.017196
1.8527	-0.0757054			0.3183	-0.0371896	1.4081	-0.110663	-1.1798	-0.00707664	-0.2392	0.00402992
1.892	-0.0653624			0.3796	-0.0165342	1.511	-0.0927486	-1.1426	-0.00662238	-0.2245	-0.00921763
1.9297	-0.0683771			0.535	-0.118939	1.5942	-0.0847128	-1.0929	-0.0214981	-0.194	-0.0280482
1.9571	-0.0665542			0.6896	-0.126559	1.6639	-0.0804117	-1.0476	-0.0192583	-0.1606	-0.0342722
1.9637	-0.0584479			0.8313	-0.121575	1.697	-0.0581437	-0.9504	-0.0759233	-0.0808	-0.0886441
1.9551	-0.052373			0.9481	-0.103463	1.7075	-0.0445562	-0.8175	-0.118187	0.0481	-0.150639
1.9316	-0.0456796			1.0501	-0.0948133	1.6977	-0.0315539	-0.6634	-0.147025	0.1649	-0.150235
1.8857	-0.0340703			1.1026	-0.0490409	1.6646	-0.0152535	-0.5348	-0.127902	0.2743	-0.153803
1.8453	-0.0366456			1.1288	-0.0251797	1.6237	-0.0093722	-0.4593	-0.0785308	0.3296	-0.105266
1.7858	-0.0259064			1.1284	0.0003119	1.5748	-0.002902	-0.4162	-0.0482442	0.3465	-0.0685904
1.7174	-0.0197538			1.1145	0.0133924	1.5216	0.0012464	-0.4015	-0.020539	0.3226	-0.0254327
1.6261	-0.0053649			1.0877	0.0265447	1.4671	0.0034143	-0.408	0.00102678	0.2716	0.00674015
1.5614	-0.0169913			1.0639	0.0236708	1.4138	0.0038255	-0.4288	0.0164097	0.186	0.0498815
1.4623	0.0037014			1.0415	0.0223493	1.3638	0.0026517	-0.4568	0.0250553	0.106	0.0522709
1.379	-0.0014126			1.0319	0.0089974	1.3191	-0.0001424	-0.4909	0.0329094	0.0303	0.0555379
1.2975	0.0004649			1.0322	-0.0019498	1.3538	-0.0588112	-0.5143	0.0234309	-0.0344	0.0510114
1.2931	-0.0391582			1.0423	-0.0132971	1.5816	-0.206953	-0.5287	0.0152037	-0.0913	0.0489105
1.4209	-0.113069			1.0653	-0.0284124	1.7088	-0.144602	-0.5322	0.00453195	-0.1186	0.0220523
1.5878	-0.142552			1.1217	-0.0657541	1.8966	-0.198308	-0.5224	-0.00920581	-0.1259	0.00279494
1.743	-0.146205			1.3825	-0.284577	2.048	-0.182446	-0.5039	-0.0187804	-0.1152	-0.0162635
1.8963	-0.154816			1.6482	-0.30441	2.1565	-0.159998	-0.4768	-0.0286877	-0.0897	-0.0336046
1.9731	-0.122379			1.8766	-0.280406	2.2147	-0.129912	-0.3657	-0.118206	0.0318	-0.141758
2.0357	-0.120445			2.0377	-0.223199	2.2228	-0.0974702	-0.039	-0.350137	0.3109	-0.327299
2.0614	-0.105341			2.124	-0.154838	2.254	-0.117454	0.2213	-0.296774	0.5784	-0.342507
2.127	-0.130698			2.1374	-0.0847455	2.4523	-0.246792	0.4218	-0.247042	0.7955	-0.313896
2.3546	-0.225433			2.0873	-0.0208278	2.6035	-0.223985	0.5464	-0.177426	0.934	-0.24924
2.5726	-0.234106			2.03	-0.0127928	2.7417	-0.224537	0.5971	-0.106121	0.9861	-0.168148
2.7412	-0.220577			2.1477	-0.195826	2.8137	-0.18461	0.5813	-0.0388891	0.9548	-0.0817137
2.8481	-0.19792			2.3046	-0.245175	2.8112	-0.135147	0.5123	0.0177097	0.852	-1.89E-05
2.8909	-0.170901			2.4435	-0.236564	2.7392	-0.0856358	0.5686	-0.110462	0.8033	-0.0493293
2.8712	-0.141537			2.488	-0.146877	2.6125	-0.0436233	0.7489	-0.243552	0.9146	-0.220551
2.8133	-0.122355			2.4846	-0.101291	2.4795	-0.0350428	0.9076	-0.229978	1.0098	-0.214072
2.6931	-0.0878884			2.4225	-0.0419087	2.2845	0.0158227	1.0195	-0.188875	1.0576	-0.171557
2.5255	-0.0583339			2.314	0.0076023	2.0201	0.0756026	1.071	-0.131157	1.0389	-0.103291
2.3181	-0.030382			2.1722	0.0458201	2.0329	-0.12111	1.0639	-0.0723082	0.9635	-0.0391477
2.1976	-0.0700046			1.9459	0.139689	2.4525	-0.429303	1.0057	-0.0183988	0.8448	0.0159378
2.3784	-0.232073			1.7831	0.0825461	2.9747	-0.530207	0.9082	0.0256854	0.6977	0.0589781
2.8279	-0.391726			1.9106	-0.21604	3.4335	-0.512201	0.7857	0.0567318	0.538	0.0874943
3.177	-0.362158			2.442	-0.648952	3.7737	-0.449965	0.6256	0.102274	0.3803	0.101226
3.5415	-0.391624			3.0578	-0.767199	3.9766	-0.367976	0.5801	-0.0101088	0.2639	0.0715398
3.8093	-0.360474			3.5956	-0.719685	4.0406	-0.277987	1.0018	-0.498494	0.6275	-0.444883
3.9712	-0.31959			3.9886	-0.598523	3.9748	-0.187812	1.6391	-0.746123	1.3993	-0.930403
4.0212	-0.270161			4.2022	-0.434006	3.7932	-0.101465	2.2313	-0.730856	1.9955	-0.814622
3.9684	-0.220089			4.223	-0.246469	3.5172	-0.0251021	2.7837	-0.718954	2.4782	-0.74964
3.7755	-0.14417			4.1129	-0.114177	3.109	0.0847389	3.0591	-0.45603	2.7944	-0.61504
3.5208	-0.104056			3.8653	0.0318381	2.8006	0.0274983	3.1425	-0.268515	2.9153	-0.432121
3.2735	-0.0986643			3.5394	0.122894	2.3203	0.169523	3.0532	-0.0916548	2.8454	-0.234616
2.8367	0.015089			3.1687	0.18306	2.0618	0.0251262	2.8335	0.0494468	2.6113	-0.0472668
2.4218	0.0224622			2.7855	0.211935	2.0752	-0.167949	2.5335	0.144493	2.2646	0.0997767
2.1426	-0.0335704			2.4193	0.210825	2.4425	-0.436486	2.2007	0.193713	1.8448	0.214672
2.2421	-0.230138			2.0969	0.181048	2.8759	-0.507302	1.9307	0.14422	1.3929	0.291823
2.5801	-0.368868			2.0834	-0.12926	3.2457	-0.484518	1.6126	0.208064	0.866	0.419426
2.8276	-0.33882			2.4722	-0.553472	3.4639	-0.392772	1.3255	0.191287	0.4765	0.320929
3.0692	-0.351019			3.0475	-0.771785	3.6393	-0.375221	1.2867	-0.0552022	0.4258	-0.0128439
3.2208	-0.31682			3.5743	-0.753199	3.6589	-0.2708	1.6335	-0.458306	0.9145	-0.601205
3.2759	-0.274601			3.9139	-0.586893	3.5746	-0.19743	2.2399	-0.74845	1.5103	-0.768036
3.2319	-0.226083			4.1978	-0.549586	3.3304	-0.0766202	2.8132	-0.744296	2.0919	-0.812206
3.0548	-0.153733			4.3189	-0.39716	3.0305	-0.0256657	3.2835	-0.665139	2.5861	-0.774484
2.8129	-0.112051			4.2453	-0.203025	2.6716	0.0309077	3.6113	-0.53939	2.9482	-0.678889
2.5019	-0.0644526			4.0323	-0.0570073	2.2761	0.0740266	3.7721	-0.380808	3.1137	-0.49915
2.0557	0.0234017			3.715	0.0594427	1.8639	0.104463	3.7473	-0.194342	3.1583	-0.383026
1.6381	0.0283436			3.2594	0.217263	1.4676	0.11168	3.5905	-0.0548613	3.0808	-0.253484
1.1996	0.059519			2.8533	0.185215	1.2706	-0.0192505	3.3305	0.0610057	2.8067	-0.029755
0.8614	0.0254176			2.388	0.265292	1.2426	-0.137393	2.9369	0.213992	2.4643	0.0725386
0.726	-0.0699384			2.1065	0.0934605	1.2278	-0.147121	2.5791	0.195824	2.0599	0.174773
0.6323	-0.0867357			1.7913	0.141129	1.201	-0.138582	2.2396	0.194275	1.6336	0.239139
0.5344	-0.0802751			1.7995	-0.18448	1.1354	-0.109277	1.8799	0.232272	1.1378	0.358105
0.4005	-0.0559806			1.9521	-0.338462	1.0475	-0.0903198	1.658	0.105401	0.7759	0.260318
0.2719	-0.0524725			2.0807	-0.322973	0.93	-0.0646548	1.692	-0.152368	0.6421	0.0455337
0.0993	-0.0219418			2.1597	-0.279483	0.8169	-0.0628967	1.8674	-0.302725	0.7373	-0.19306
-0.0506	-0.0257462			2.1719	-0.215465	0.9505	-0.243217	2.0773	-0.347927	0.8708	-0.244797
0.0425	-0.151944			2.094	-0.123564	1.127	-0.283199	2.2077	-0.275168	1.0314	-0.28806
0.2434	-0.216132			1.9581	-0.0607268	1.2441	-0.248718	2.2752	-0.215871	1.1121	-0.216341
0.3853	-0.194112			1.7802	-0.011612	1.2675	-0.185566	2.2567	-0.129171	1.1713	-0.200879
0.4847	-0.178317			1.7641	-0.174371	1.1998	-0.119611	2.1755	-0.0626289	1.1685	-0.138715
0.537	-0.157919			1.8414	-0.273477	1.0693	-0.0701949	2.0443	-0.0062733	1.103	-0.0695758
0.5239	-0.125088			1.892	-0.251199	0.8842	-0.0236041	2.0392	-0.132322	1.0773	-0.106913
0.4415	-0.0867595			1.874	-0.183574	0.6094	0.0523165	2.142	-0.245576	1.1736	-0.238661
0.3217	-0.0623912			1.7906	-0.115794	0.3522	0.0525043	2.2676	-0.274883	1.3511	-0.337746
0.1278	-0.015774			1.6126	-0.0139067	0.0869	0.0713524	2.3171	-0.20149	1.4449	-0.26357
-0.1078	0.0169638			1.3657	0.0659726	-0.1741	0.0815665	2.2916	-0.125444	1.4586	-0.184986
-0.3242	0.018508			1.1278	0.0677398	-0.3118	0.0024533	2.2032	-0.0583444	1.3884	-0.0942052
-0.4386	-0.0263334			0.8844	0.0845254	-0.1797	-0.192832	2.0323	0.0324974	1.2542	-0.0169106
-0.3172	-0.149986			0.6487	0.0879617	0.0046	-0.238592	1.8537	0.048942	1.0732	0.0478821
-0.1501	-0.181041			0.3866	0.12708	0.1592	-0.225691	1.6637	0.0696757	0.8217	0.14345
-0.0298	-0.163626			0.1595	0.103276	0.2251	-0.167121	1.4367	0.117882	0.6051	0.130149
0.0538	-0.14951			0.1711	-0.136175	0.2584	-0.146224	1.259	0.0773411	0.3671	0.175313
0.096	-0.131016			0.4386	-0.405889	0.2387	-0.108378	1.1324	0.0324578	0.1716	0.152346
0.0959	-0.109957			0.6681	-0.380032	0.1514	-0.0568444	1.0019	0.0427827	0.0539	0.0863102
0.0418	-0.0802938			0.8617	-0.354674	0.0325	-0.0288119	1.1105	-0.201858	0.1271	-0.111923
-0.0449	-0.0596139			0.9278	-0.231407	-0.1174	0.0005005	1.4657	-0.466365	0.422	-0.363155
-0.1914	-0.0221975			0.8853	-0.121567	-0.3253	0.0518208	1.6536	-0.308625	0.7422	-0.420549
-0.3415	-0.012551			0.723	0.005625	-0.5109	0.0460017	1.8235	-0.299303	1.0226	-0.408891
-0.543	0.023767			0.522	0.053853	-0.7314	0.0821881	1.9096	-0.219999	1.2531	-0.382167
-0.7214	0.0218584			0.2387	0.150079	-0.7661	-0.0453708	1.9094	-0.13388	1.3313	-0.23782
-0.769	-0.0403926			-0.0067	0.124456	-0.5652	-0.219771	1.8269	-0.0476373	1.3402	-0.169544
-0.5859	-0.164312			-0.2377	0.121844	-0.3861	-0.21308	1.6506	0.0548127	1.2385	-0.0488975
-0.4308	-0.157636			-0.4788	0.144478	-0.2303	-0.204329	1.4185	0.122076	1.0806	0.0229844
-0.2713	-0.16754			-0.6732	0.108171	-0.102	-0.191392	1.2126	0.10605	0.8344	0.135821
-0.1611	-0.148238			-0.6388	-0.12171	-0.0469	-0.14286	0.9842	0.139871	0.5614	0.189865
-0.1136	-0.11915			-0.3976	-0.340173	-0.0606	-0.0939547	0.791	0.114252	0.3055	0.198324
-0.1128	-0.0957271			-0.1433	-0.365845	-0.1419	-0.0424278	0.6681	0.0500302	0.13	0.135461
-0.169	-0.0642481			0.1087	-0.376253	-0.2813	0.0054935	0.7032	-0.109795	0.0015	0.101311
-0.2542	-0.0452339			0.2538	-0.276862	-0.4625	0.044276	1.004	-0.390635	0.0583	-0.0896747
-0.3684	-0.0246555			0.2706	-0.149673	-0.6634	0.0687744	1.2699	-0.369157	0.323	-0.324077
-0.5334	0.0095279			0.1649	-0.0220526	-0.8113	0.0398807	1.4902	-0.334721	0.6571	-0.426953
-0.6771	0.00674			0.0041	0.0410833	-0.7537	-0.106096	1.6503	-0.282692	0.8923	-0.351662
-0.6293	-0.0907707			-0.2403	0.137144	-0.6654	-0.131335	1.6914	-0.165916	1.046	-0.285637
-0.5868	-0.0896589			-0.4616	0.12557	-0.5967	-0.120454	1.6308	-0.0613487	1.1139	-0.206738
-0.5362	-0.0957027			-0.7131	0.169058	-0.5411	-0.113522	1.4694	0.0473743	1.0637	-0.0837243
-0.5138	-0.0822089			-0.926	0.142029	-0.5225	-0.0880299	1.2832	0.081356	0.9091	0.0360448
-0.5147	-0.0699992			-0.9399	-0.0553358	-0.5352	-0.0649497	1.041	0.149362	0.6858	0.127006
-0.5466	-0.0523576			-0.7897	-0.226156	-0.412	-0.165828			0.4784	0.131798
-0.5006	-0.093107			-0.6444	-0.227877	-0.2874	-0.17275			0.2398	0.186834
-0.3926	-0.129114			-0.4316	-0.305585	-0.2338	-0.125497			0.0674	0.137868
-0.2902	-0.131144			-0.4126	-0.112322	-0.2072	-0.107719			-0.0871	0.135426
-0.2368	-0.109077			-0.4776	-0.0245949	-0.2326	-0.0698167			0.0732	-0.195411
-0.2174	-0.09283			-0.4442	-0.124221	-0.301	-0.0359957			0.2058	-0.180992
-0.2378	-0.0716722			-0.4236	-0.112027	-0.3065	-0.0794442			0.4027	-0.265022
-0.2107	-0.0965665			-0.4427	-0.0709294	-0.3385	-0.0589557			0.5369	-0.215796
-0.1922	-0.0929993			-0.5113	-0.0174881	-0.3895	-0.0427162			0.636	-0.190669
-0.201	-0.0787083			-0.5986	0.0061755	-0.4782	-0.011413			0.6612	-0.119355
-0.2481	-0.0569552			-0.7178	0.0447533					0.6357	-0.0661688
-0.3324	-0.0338078			-0.7402	-0.0501865					0.6949	-0.156858
-0.3475	-0.0673053			-0.7519	-0.0595496					0.7501	-0.158453
-0.3185	-0.0904868			-0.7639	-0.0578857					0.7698	-0.125
-0.3056	-0.0827762			-0.7839	-0.0481018					0.7382	-0.0706141
-0.3174	-0.0695188			-0.821	-0.0283258					0.6699	-0.0271511
-0.3516	-0.0562572			-0.8097	-0.0764811					0.5505	0.0358339
-0.4201	-0.0352621			-0.7262	-0.15213					0.474	0.00053647
-0.5149	-0.0168572			-0.6533	-0.144522					0.4425	-0.0413578
-0.6093	-0.0117279			-0.5989	-0.128143					0.4105	-0.0376988
-0.7128	-0.0012901			-0.5896	-0.0829181					0.3746	-0.0302463
-0.7752	-0.0179449			-0.6142	-0.0471739					0.3238	-0.0102987
-0.7733	-0.0494166			-0.6821	0.0002032					0.288	-0.0217475
-0.7729	-0.0479137			-0.7631	0.0181163					0.3485	-0.124132
-0.778	-0.0441307			-0.8751	0.0555914					0.428	-0.151125
-0.7943	-0.0369214			-0.9683	0.0424197					0.5041	-0.155386
-0.8062	-0.0377202			-0.965	-0.0532803					0.5366	-0.115089
-0.7264	-0.0868338			-0.9249	-0.0911604					0.5303	-0.0757122
-0.6444	-0.0913894			-0.8896	-0.0872358					0.4893	-0.0369612
-0.5638	-0.0941556			-0.8649	-0.0770059					0.4063	0.0132982
-0.5179	-0.0785827			-0.8549	-0.061951					0.3169	0.0286065
-0.4921	-0.0693306			-0.8376	-0.0692784					0.2195	0.0463246
-0.4927	-0.0556079			-0.7495	-0.143734					0.1539	0.0210692
-0.5182	-0.0413647			-0.6615	-0.147372					0.1739	-0.0665482
-0.5595	-0.0308402			-0.615	-0.107582					0.2039	-0.0795686
-0.6288	-0.0127464			-0.6027	-0.0733947					0.2392	-0.0884225
-0.6965	-0.0094649			-0.6306	-0.0311691					0.2578	-0.0736083
-0.6843	-0.0493406			-0.683	-0.0033661					0.2622	-0.0598745
-0.6733	-0.0486173			-0.7698	0.0361437					0.3042	-0.101705
-0.668	-0.0453643			-0.8692	0.0545829					0.4035	-0.168975
-0.6732	-0.0391811			-0.9656	0.0573685						
-0.6875	-0.0332286			-1.0161	0.0150096						
-0.7058	-0.0296078			-0.9712	-0.0816642						
-0.6276	-0.0811402			-0.9038	-0.10663						
-0.5722	-0.071938			-0.8488	-0.0961316						
-0.5284	-0.0677996			-0.8075	-0.0836891						
-0.4968	-0.0627828			-0.7869	-0.0632322						
-0.4885	-0.0510593			-0.7713	-0.0582409						
-0.4965	-0.0420128			-0.6892	-0.128157						
-0.5196	-0.0327882			-0.6141	-0.124298						
-0.5557	-0.0239275			-0.5786	-0.085894						
-0.6128	-0.0099597			-0.5794	-0.0489746						
-0.6688	-0.0070409			-0.6037	-0.0236559						
-0.7291	-0.0011468			-0.6647	0.0167588						
-0.791	0.0035392			-0.7446	0.0403984						
-0.8504	0.0061096			-0.8153	0.0355487						
-0.8439	-0.0263215			-0.8809	0.0346096						
-0.8066	-0.0427799			-0.9366	0.0284312						
-0.7669	-0.045198										
-0.7291	-0.0454089										
-0.6903	-0.0471586										
-0.6653	-0.0408433										
-0.6482	-0.0371001										
-0.5906	-0.0596395										
-0.5159	-0.0714086										
-0.4513	-0.0691373										
-0.392	-0.0690603										
-0.3601	-0.0565952										
-0.3449	-0.0486603										
-0.3458	-0.0402195										
-0.3611	-0.0318934										
-0.3889	-0.0238645										
-0.4355	-0.011699										
-0.4812	-0.0093828										
-0.4943	-0.0245335										
-0.4908	-0.0325177										
-0.4895	-0.0309932										
-0.4925	-0.0282007										
-0.4997	-0.025241										
-0.511	-0.022115										
-0.5294	-0.0171156										
-0.5478	-0.0156478										
-0.568	-0.0131698										
-0.5872	-0.0121226										
-0.512	-0.0625706										
-0.3996	-0.086391										
-0.2918	-0.0891892										
-0.1968	-0.0873424										
-0.1062	-0.0895662										
-0.053	-0.0734732										
-0.047	-0.0501262										
